
> rest-express@1.0.0 check
> tsc --pretty false

client/src/components/integration-settings.tsx(1201,23): error TS17001: JSX elements cannot have multiple attributes with the same name.
client/src/components/integration-settings.tsx(1358,23): error TS17001: JSX elements cannot have multiple attributes with the same name.
client/src/components/print-labels-dialog.tsx(192,53): error TS2345: Argument of type '{ method: string; body: string; headers: { "Content-Type": string; }; }' is not assignable to parameter of type 'string'.
client/src/components/print-labels-dialog.tsx(212,59): error TS2345: Argument of type '{ method: string; }' is not assignable to parameter of type 'string'.
client/src/pages/ai.tsx(371,51): error TS2339: Property 'quickbooksIncludeHistory' does not exist on type 'AiAgentSettings'.
client/src/pages/ai.tsx(372,50): error TS2339: Property 'quickbooksHistoryMonths' does not exist on type 'AiAgentSettings'.
client/src/pages/ai.tsx(373,40): error TS2339: Property 'ordersToFetch' does not exist on type 'AiAgentSettings'.
client/src/pages/ai.tsx(1951,27): error TS2339: Property 'salesReport' does not exist on type 'BatchTimelineResponse'.
client/src/pages/ai.tsx(1953,33): error TS2339: Property 'salesReport' does not exist on type 'BatchTimelineResponse'.
client/src/pages/ai.tsx(1960,25): error TS2339: Property 'salesReport' does not exist on type 'BatchTimelineResponse'.
client/src/pages/ai.tsx(1965,70): error TS2339: Property 'salesReport' does not exist on type 'BatchTimelineResponse'.
client/src/pages/ai.tsx(1966,78): error TS2339: Property 'salesReport' does not exist on type 'BatchTimelineResponse'.
client/src/pages/ai.tsx(1966,125): error TS2339: Property 'salesReport' does not exist on type 'BatchTimelineResponse'.
client/src/pages/ai.tsx(1970,70): error TS2339: Property 'salesReport' does not exist on type 'BatchTimelineResponse'.
client/src/pages/ai.tsx(1971,78): error TS2339: Property 'salesReport' does not exist on type 'BatchTimelineResponse'.
client/src/pages/ai.tsx(1971,124): error TS2339: Property 'salesReport' does not exist on type 'BatchTimelineResponse'.
client/src/pages/ai.tsx(1975,70): error TS2339: Property 'salesReport' does not exist on type 'BatchTimelineResponse'.
client/src/pages/ai.tsx(1976,78): error TS2339: Property 'salesReport' does not exist on type 'BatchTimelineResponse'.
client/src/pages/ai.tsx(1976,125): error TS2339: Property 'salesReport' does not exist on type 'BatchTimelineResponse'.
client/src/pages/ai.tsx(1979,30): error TS2339: Property 'salesReport' does not exist on type 'BatchTimelineResponse'.
client/src/pages/ai.tsx(1981,50): error TS2339: Property 'salesReport' does not exist on type 'BatchTimelineResponse'.
client/src/pages/ai.tsx(1997,27): error TS2339: Property 'poReport' does not exist on type 'BatchTimelineResponse'.
client/src/pages/ai.tsx(1999,32): error TS2339: Property 'poReport' does not exist on type 'BatchTimelineResponse'.
client/src/pages/ai.tsx(2006,25): error TS2339: Property 'poReport' does not exist on type 'BatchTimelineResponse'.
client/src/pages/ai.tsx(2009,46): error TS2339: Property 'poReport' does not exist on type 'BatchTimelineResponse'.
client/src/pages/ai.tsx(2016,56): error TS2339: Property 'poReport' does not exist on type 'BatchTimelineResponse'.
client/src/pages/ai.tsx(2017,61): error TS2339: Property 'poReport' does not exist on type 'BatchTimelineResponse'.
client/src/pages/ai.tsx(2019,29): error TS2339: Property 'poReport' does not exist on type 'BatchTimelineResponse'.
client/src/pages/ai.tsx(2019,57): error TS2339: Property 'poReport' does not exist on type 'BatchTimelineResponse'.
client/src/pages/ai.tsx(2023,35): error TS2339: Property 'poReport' does not exist on type 'BatchTimelineResponse'.
client/src/pages/ai.tsx(2034,29): error TS2339: Property 'poReport' does not exist on type 'BatchTimelineResponse'.
client/src/pages/ai.tsx(2034,61): error TS2339: Property 'poReport' does not exist on type 'BatchTimelineResponse'.
client/src/pages/ai.tsx(2038,35): error TS2339: Property 'poReport' does not exist on type 'BatchTimelineResponse'.
client/src/pages/ai.tsx(2040,39): error TS2339: Property 'poReport' does not exist on type 'BatchTimelineResponse'.
client/src/pages/ai.tsx(2055,37): error TS2339: Property 'poReport' does not exist on type 'BatchTimelineResponse'.
client/src/pages/ai.tsx(2069,46): error TS2802: Type 'Set<unknown>' can only be iterated through when using the '--downlevelIteration' flag or with a '--target' of 'es2015' or higher.
client/src/pages/ai.tsx(2086,33): error TS2339: Property 'poReport' does not exist on type 'BatchTimelineResponse'.
client/src/pages/ai.tsx(2088,51): error TS2339: Property 'poReport' does not exist on type 'BatchTimelineResponse'.
client/src/pages/ai.tsx(2106,27): error TS2339: Property 'quickbooksReport' does not exist on type 'BatchTimelineResponse'.
client/src/pages/ai.tsx(2108,31): error TS2339: Property 'quickbooksReport' does not exist on type 'BatchTimelineResponse'.
client/src/pages/ai.tsx(2108,64): error TS2339: Property 'quickbooksReport' does not exist on type 'BatchTimelineResponse'.
client/src/pages/ai.tsx(2115,25): error TS2339: Property 'quickbooksReport' does not exist on type 'BatchTimelineResponse'.
client/src/pages/ai.tsx(2115,51): error TS2339: Property 'quickbooksReport' does not exist on type 'BatchTimelineResponse'.
client/src/pages/ai.tsx(2118,51): error TS2339: Property 'quickbooksReport' does not exist on type 'BatchTimelineResponse'.
client/src/pages/ai.tsx(2119,59): error TS2339: Property 'quickbooksReport' does not exist on type 'BatchTimelineResponse'.
client/src/pages/ai.tsx(2120,56): error TS2339: Property 'quickbooksReport' does not exist on type 'BatchTimelineResponse'.
client/src/pages/ai.tsx(2123,32): error TS2339: Property 'quickbooksReport' does not exist on type 'BatchTimelineResponse'.
client/src/pages/ai.tsx(4660,29): error TS2339: Property 'message' does not exist on type 'Response'.
client/src/pages/ai.tsx(4677,20): error TS2339: Property 'authUrl' does not exist on type 'Response'.
client/src/pages/ai.tsx(4678,30): error TS2339: Property 'authUrl' does not exist on type 'Response'.
client/src/pages/supplier-intel.tsx(591,24): error TS2802: Type 'Set<string>' can only be iterated through when using the '--downlevelIteration' flag or with a '--target' of 'es2015' or higher.
server/forecast-context-service.ts(206,36): error TS2339: Property 'quantity' does not exist on type '{ id: string; createdAt: Date; sku: string | null; updatedAt: Date; itemId: string; purchaseOrderId: string; itemName: string | null; unitOfMeasure: string; qtyOrdered: number; ... 7 more ...; finalOrderedQty: number | null; }'.
server/forecast-context-service.ts(207,37): error TS2339: Property 'receivedQuantity' does not exist on type '{ id: string; createdAt: Date; sku: string | null; updatedAt: Date; itemId: string; purchaseOrderId: string; itemName: string | null; unitOfMeasure: string; qtyOrdered: number; ... 7 more ...; finalOrderedQty: number | null; }'.
server/ghl-helpers.ts(36,41): error TS2339: Property 'getReturnById' does not exist on type 'IStorage'.
server/ghl-helpers.ts(46,23): error TS2551: Property 'getSalesOrderById' does not exist on type 'IStorage'. Did you mean 'getSalesOrder'?
server/ghl-helpers.ts(50,39): error TS2551: Property 'getReturnItemsByReturnId' does not exist on type 'IStorage'. Did you mean 'getReturnItemsByRequestId'?
server/ghl-helpers.ts(53,39): error TS7006: Parameter 'item' implicitly has an 'any' type.
server/ghl-helpers.ts(134,30): error TS2551: Property 'getPurchaseOrderById' does not exist on type 'IStorage'. Did you mean 'getPurchaseOrder'?
server/ghl-helpers.ts(143,52): error TS2551: Property 'getSupplierById' does not exist on type 'IStorage'. Did you mean 'getSupplier'?
server/phantom-helpers.ts(34,36): error TS2551: Property 'getSupplierById' does not exist on type 'IStorage'. Did you mean 'getSupplier'?
server/phantom-helpers.ts(127,35): error TS2339: Property 'getItemById' does not exist on type 'IStorage'.
server/routes.ts(1595,49): error TS2802: Type 'Map<string, { item: { daysOfCover: number; currentStock: number; id: string; name: string; type: string; sku: string; unit: string; minStock: number; dailyUsage: number; barcode: string | null; location: string | null; ... 42 more ...; quickbooksItemType: string | null; }; supplierItem: { ...; } | null; }[]>' can only be iterated through when using the '--downlevelIteration' flag or with a '--target' of 'es2015' or higher.
server/routes.ts(1656,32): error TS7006: Parameter 'si' implicitly has an 'any' type.
server/routes.ts(1943,9): error TS2322: Type 'string | null' is not assignable to type 'string | undefined'.
  Type 'null' is not assignable to type 'string | undefined'.
server/routes.ts(3313,37): error TS2551: Property 'getItems' does not exist on type 'MemStorage | PostgresStorage'. Did you mean 'getItem'?
  Property 'getItems' does not exist on type 'MemStorage'.
server/routes.ts(3511,28): error TS2339: Property 'log' does not exist on type 'LogService'.
server/routes.ts(3540,28): error TS2339: Property 'log' does not exist on type 'LogService'.
server/routes.ts(3557,28): error TS2339: Property 'log' does not exist on type 'LogService'.
server/routes.ts(3597,11): error TS2353: Object literal may only specify known properties, and 'eventType' does not exist in type '{ type: string; returnRequestId: string; message?: string | null | undefined; fromStatus?: string | null | undefined; toStatus?: string | null | undefined; actor?: string | null | undefined; payload?: Json | undefined; }'.
server/routes.ts(3828,23): error TS18048: 'refurbItem' is possibly 'undefined'.
server/routes.ts(3836,25): error TS18048: 'refurbItem' is possibly 'undefined'.
server/routes.ts(3877,28): error TS2339: Property 'log' does not exist on type 'LogService'.
server/routes.ts(3898,28): error TS2339: Property 'log' does not exist on type 'LogService'.
server/routes.ts(3920,11): error TS2353: Object literal may only specify known properties, and 'eventType' does not exist in type '{ type: string; returnRequestId: string; message?: string | null | undefined; fromStatus?: string | null | undefined; toStatus?: string | null | undefined; actor?: string | null | undefined; payload?: Json | undefined; }'.
server/routes.ts(4105,36): error TS2551: Property 'getShippoLabelLogs' does not exist on type 'MemStorage | PostgresStorage'. Did you mean 'getShippoLabelLog'?
  Property 'getShippoLabelLogs' does not exist on type 'MemStorage'.
server/routes.ts(4353,26): error TS2802: Type 'Set<string>' can only be iterated through when using the '--downlevelIteration' flag or with a '--target' of 'es2015' or higher.
server/routes.ts(4683,33): error TS2339: Property 'unitCost' does not exist on type '{ itemId: string; supplierId: string; supplierSku?: string | null | undefined; price?: number | null | undefined; minimumOrderQuantity?: number | null | undefined; availableQuantity?: number | ... 1 more ... | undefined; leadTimeDays?: number | ... 1 more ... | undefined; isDesignatedSupplier?: boolean | undefined; }'.
server/routes.ts(5123,80): error TS2802: Type 'Set<string>' can only be iterated through when using the '--downlevelIteration' flag or with a '--target' of 'es2015' or higher.
server/routes.ts(6084,51): error TS2339: Property 'shopDomain' does not exist on type '{ id: string; userId: string; provider: string; accountName: string | null; apiKey: string | null; isEnabled: boolean; lastSyncAt: Date | null; lastSyncStatus: string | null; lastSyncMessage: string | null; ... 9 more ...; rotationReminderSentAt: Date | null; }'.
server/routes.ts(6088,27): error TS2339: Property 'shopDomain' does not exist on type '{ id: string; userId: string; provider: string; accountName: string | null; apiKey: string | null; isEnabled: boolean; lastSyncAt: Date | null; lastSyncStatus: string | null; lastSyncMessage: string | null; ... 9 more ...; rotationReminderSentAt: Date | null; }'.
server/routes.ts(7077,9): error TS2561: Object literal may only specify known properties, but 'lastErrorMessage' does not exist in type '{ integrationName: string; errorMessage?: string | null | undefined; lastSuccessAt?: Date | null | undefined; lastStatus?: string | null | undefined; lastAlertAt?: Date | null | undefined; }'. Did you mean to write 'errorMessage'?
server/routes.ts(7109,9): error TS2561: Object literal may only specify known properties, but 'lastErrorMessage' does not exist in type '{ integrationName: string; errorMessage?: string | null | undefined; lastSuccessAt?: Date | null | undefined; lastStatus?: string | null | undefined; lastAlertAt?: Date | null | undefined; }'. Did you mean to write 'errorMessage'?
server/routes.ts(7359,15): error TS7022: 'response' implicitly has type 'any' because it does not have a type annotation and is referenced directly or indirectly in its own initializer.
server/routes.ts(7452,15): error TS7022: 'linkHeader' implicitly has type 'any' because it does not have a type annotation and is referenced directly or indirectly in its own initializer.
server/routes.ts(7455,22): error TS7022: 'part' implicitly has type 'any' because it does not have a type annotation and is referenced directly or indirectly in its own initializer.
server/routes.ts(7456,19): error TS7022: 'm' implicitly has type 'any' because it does not have a type annotation and is referenced directly or indirectly in its own initializer.
server/routes.ts(7649,48): error TS2339: Property 'user' does not exist on type 'Request<ParamsDictionary, any, any, ParsedQs, Record<string, any>>'.
server/routes.ts(7650,64): error TS2339: Property 'decideOrderFulfillment' does not exist on type 'FulfillmentDecisionService'.
server/routes.ts(7652,23): error TS2339: Property 'user' does not exist on type 'Request<ParamsDictionary, any, any, ParsedQs, Record<string, any>>'.
server/routes.ts(7687,21): error TS2339: Property 'user' does not exist on type 'Request<ParamsDictionary, any, any, ParsedQs, Record<string, any>>'.
server/routes.ts(7689,74): error TS2339: Property 'user' does not exist on type 'Request<ParamsDictionary, any, any, ParsedQs, Record<string, any>>'.
server/routes.ts(7932,50): error TS2339: Property 'id' does not exist on type '{ variantId: string; variantTitle: string; sku: string | null; barcode: string | null; inventoryItemId: string; }'.
server/routes.ts(8107,36): error TS2339: Property 'sku' does not exist on type '{}'.
server/routes.ts(8109,53): error TS2339: Property 'price' does not exist on type '{}'.
server/routes.ts(8110,44): error TS2339: Property 'title' does not exist on type '{}'.
server/routes.ts(8110,62): error TS2339: Property 'name' does not exist on type '{}'.
server/routes.ts(8123,38): error TS2339: Property 'quantity' does not exist on type '{}'.
server/routes.ts(8159,38): error TS2339: Property 'shopifyInventorySunsetDate' does not exist on type '{ id: string; userId: string; gohighlevelApiKey: string | null; gohighlevelLocationId: string | null; gohighlevelBaseUrl: string | null; gohighlevelReturnsPipelineId: string | null; ... 30 more ...; aiTokenRotationDays: number; }'.
server/routes.ts(8557,17): error TS2353: Object literal may only specify known properties, and 'externalOrderNumber' does not exist in type '{ channel: string; customerName: string; status?: string | undefined; currency?: string | undefined; notes?: string | null | undefined; ghlContactId?: string | null | undefined; orderDate?: Date | undefined; ... 31 more ...; delayNotificationCount?: number | undefined; }'.
server/routes.ts(8557,44): error TS2339: Property 'externalOrderNumber' does not exist on type 'ShopifyNormalizedOrder'.
server/routes.ts(8587,37): error TS2339: Property 'name' does not exist on type '{ sku: string; qtyOrdered: number; unitPrice: number; }'.
server/routes.ts(8595,77): error TS2339: Property 'externalId' does not exist on type 'ShopifyNormalizedOrder'.
server/routes.ts(8794,38): error TS2339: Property 'deliveredAt' does not exist on type 'AmazonNormalizedOrder'.
server/routes.ts(8839,48): error TS2339: Property 'user' does not exist on type 'Request<ParamsDictionary, any, any, ParsedQs, Record<string, any>>'.
server/routes.ts(8840,64): error TS2339: Property 'decideOrderFulfillment' does not exist on type 'FulfillmentDecisionService'.
server/routes.ts(8842,23): error TS2339: Property 'user' does not exist on type 'Request<ParamsDictionary, any, any, ParsedQs, Record<string, any>>'.
server/routes.ts(8862,38): error TS2339: Property 'deliveredAt' does not exist on type 'AmazonNormalizedOrder'.
server/routes.ts(8877,21): error TS2339: Property 'user' does not exist on type 'Request<ParamsDictionary, any, any, ParsedQs, Record<string, any>>'.
server/routes.ts(8879,74): error TS2339: Property 'user' does not exist on type 'Request<ParamsDictionary, any, any, ParsedQs, Record<string, any>>'.
server/routes.ts(9137,56): error TS2307: Cannot find module './services/ai-agent-rules-service' or its corresponding type declarations.
server/routes.ts(9716,11): error TS2353: Object literal may only specify known properties, and 'status' does not exist in type 'LogEventParams'.
server/routes.ts(9738,11): error TS2353: Object literal may only specify known properties, and 'status' does not exist in type 'LogEventParams'.
server/routes.ts(9766,41): error TS2551: Property 'orderNumber' does not exist on type '{ id: string; createdAt: Date; status: string; updatedAt: Date; currency: string; notes: string | null; ghlContactId: string | null; orderDate: Date; isHistorical: boolean; ... 32 more ...; delayNotificationCount: number; }'. Did you mean 'orderName'?
server/routes.ts(9767,62): error TS2551: Property 'orderNumber' does not exist on type '{ id: string; createdAt: Date; status: string; updatedAt: Date; currency: string; notes: string | null; ghlContactId: string | null; orderDate: Date; isHistorical: boolean; ... 32 more ...; delayNotificationCount: number; }'. Did you mean 'orderName'?
server/routes.ts(9770,40): error TS2551: Property 'orderNumber' does not exist on type '{ id: string; createdAt: Date; status: string; updatedAt: Date; currency: string; notes: string | null; ghlContactId: string | null; orderDate: Date; isHistorical: boolean; ... 32 more ...; delayNotificationCount: number; }'. Did you mean 'orderName'?
server/routes.ts(9774,38): error TS2551: Property 'orderNumber' does not exist on type '{ id: string; createdAt: Date; status: string; updatedAt: Date; currency: string; notes: string | null; ghlContactId: string | null; orderDate: Date; isHistorical: boolean; ... 32 more ...; delayNotificationCount: number; }'. Did you mean 'orderName'?
server/routes.ts(9783,9): error TS2353: Object literal may only specify known properties, and 'status' does not exist in type 'LogEventParams'.
server/routes.ts(9805,9): error TS2353: Object literal may only specify known properties, and 'status' does not exist in type 'LogEventParams'.
server/routes.ts(9901,67): error TS2551: Property 'orderNumber' does not exist on type '{ id: string; createdAt: Date; status: string; updatedAt: Date; currency: string; notes: string | null; ghlContactId: string | null; orderDate: Date; isHistorical: boolean; ... 32 more ...; delayNotificationCount: number; }'. Did you mean 'orderName'?
server/routes.ts(9932,64): error TS2551: Property 'orderNumber' does not exist on type '{ id: string; createdAt: Date; status: string; updatedAt: Date; currency: string; notes: string | null; ghlContactId: string | null; orderDate: Date; isHistorical: boolean; ... 32 more ...; delayNotificationCount: number; }'. Did you mean 'orderName'?
server/routes.ts(9939,16): error TS2551: Property 'orderNumber' does not exist on type '{ id: string; createdAt: Date; status: string; updatedAt: Date; currency: string; notes: string | null; ghlContactId: string | null; orderDate: Date; isHistorical: boolean; ... 32 more ...; delayNotificationCount: number; }'. Did you mean 'orderName'?
server/routes.ts(9949,44): error TS2551: Property 'orderNumber' does not exist on type '{ id: string; createdAt: Date; status: string; updatedAt: Date; currency: string; notes: string | null; ghlContactId: string | null; orderDate: Date; isHistorical: boolean; ... 32 more ...; delayNotificationCount: number; }'. Did you mean 'orderName'?
server/routes.ts(9958,34): error TS2551: Property 'orderNumber' does not exist on type '{ id: string; createdAt: Date; status: string; updatedAt: Date; currency: string; notes: string | null; ghlContactId: string | null; orderDate: Date; isHistorical: boolean; ... 32 more ...; delayNotificationCount: number; }'. Did you mean 'orderName'?
server/routes.ts(9963,19): error TS2551: Property 'orderNumber' does not exist on type '{ id: string; createdAt: Date; status: string; updatedAt: Date; currency: string; notes: string | null; ghlContactId: string | null; orderDate: Date; isHistorical: boolean; ... 32 more ...; delayNotificationCount: number; }'. Did you mean 'orderName'?
server/routes.ts(9968,57): error TS2551: Property 'orderNumber' does not exist on type '{ id: string; createdAt: Date; status: string; updatedAt: Date; currency: string; notes: string | null; ghlContactId: string | null; orderDate: Date; isHistorical: boolean; ... 32 more ...; delayNotificationCount: number; }'. Did you mean 'orderName'?
server/routes.ts(9971,64): error TS2551: Property 'orderNumber' does not exist on type '{ id: string; createdAt: Date; status: string; updatedAt: Date; currency: string; notes: string | null; ghlContactId: string | null; orderDate: Date; isHistorical: boolean; ... 32 more ...; delayNotificationCount: number; }'. Did you mean 'orderName'?
server/routes.ts(9972,59): error TS2551: Property 'orderNumber' does not exist on type '{ id: string; createdAt: Date; status: string; updatedAt: Date; currency: string; notes: string | null; ghlContactId: string | null; orderDate: Date; isHistorical: boolean; ... 32 more ...; delayNotificationCount: number; }'. Did you mean 'orderName'?
server/routes.ts(9976,62): error TS2551: Property 'orderNumber' does not exist on type '{ id: string; createdAt: Date; status: string; updatedAt: Date; currency: string; notes: string | null; ghlContactId: string | null; orderDate: Date; isHistorical: boolean; ... 32 more ...; delayNotificationCount: number; }'. Did you mean 'orderName'?
server/routes.ts(10061,13): error TS2322: Type '"801a89fa-8f39-4b67-960b-ed1614833594"' is not assignable to type '"d946f5f8-e469-47df-9f06-99223fc3e497"'.
server/routes.ts(10138,23): error TS2339: Property 'reorderPoint' does not exist on type '{ daysOfCover: number; currentStock: number; id: string; name: string; type: string; sku: string; unit: string; minStock: number; dailyUsage: number; barcode: string | null; location: string | null; ... 42 more ...; quickbooksItemType: string | null; }'.
server/routes.ts(10220,55): error TS2367: This comparison appears to be unintentional because the types '"DRAFT" | "APPROVAL_PENDING" | "APPROVED" | "SENT" | "ACCEPTED" | "PARTIALLY_RECEIVED" | "CANCELLED"' and '"PARTIAL_RECEIVED"' have no overlap.
server/routes.ts(10241,55): error TS2339: Property 'quantity' does not exist on type '{ id: string; createdAt: Date; sku: string | null; updatedAt: Date; itemId: string; purchaseOrderId: string; itemName: string | null; unitOfMeasure: string; qtyOrdered: number; ... 7 more ...; finalOrderedQty: number | null; }'.
server/routes.ts(10244,39): error TS2339: Property 'totalAmount' does not exist on type '{ id: string; createdAt: Date; status: string; updatedAt: Date; currency: string; notes: string | null; issueType: string | null; paymentTerms: string | null; supplierId: string; ... 68 more ...; invoiceTotal: number | null; }'.
server/routes.ts(10252,25): error TS2551: Property 'expectedDeliveryDate' does not exist on type '{ id: string; createdAt: Date; status: string; updatedAt: Date; currency: string; notes: string | null; issueType: string | null; paymentTerms: string | null; supplierId: string; ... 68 more ...; invoiceTotal: number | null; }'. Did you mean 'expectedDelivery'?
server/routes.ts(10252,60): error TS2551: Property 'expectedDeliveryDate' does not exist on type '{ id: string; createdAt: Date; status: string; updatedAt: Date; currency: string; notes: string | null; issueType: string | null; paymentTerms: string | null; supplierId: string; ... 68 more ...; invoiceTotal: number | null; }'. Did you mean 'expectedDelivery'?
server/routes.ts(10326,71): error TS2551: Property 'orderNumber' does not exist on type '{ id: string; createdAt: Date; status: string; updatedAt: Date; currency: string; notes: string | null; ghlContactId: string | null; orderDate: Date; isHistorical: boolean; ... 32 more ...; delayNotificationCount: number; }'. Did you mean 'orderName'?
server/routes.ts(10341,13): error TS2304: Cannot find name 'purchaseOrders'.
server/routes.ts(10342,23): error TS7006: Parameter 'po' implicitly has an 'any' type.
server/routes.ts(10343,20): error TS7006: Parameter 'po' implicitly has an 'any' type.
server/routes.ts(10422,145): error TS2304: Cannot find name 'historicalPONumbers'.
server/routes.ts(10460,52): error TS2304: Cannot find name 'historicalPONumbers'.
server/routes.ts(10751,33): error TS2551: Property 'orderNumber' does not exist on type '{ id: string; createdAt: Date; status: string; updatedAt: Date; currency: string; notes: string | null; ghlContactId: string | null; orderDate: Date; isHistorical: boolean; ... 32 more ...; delayNotificationCount: number; }'. Did you mean 'orderName'?
server/routes.ts(10845,93): error TS2551: Property 'orderNumber' does not exist on type '{ id: string; createdAt: Date; status: string; updatedAt: Date; currency: string; notes: string | null; ghlContactId: string | null; orderDate: Date; isHistorical: boolean; ... 32 more ...; delayNotificationCount: number; }'. Did you mean 'orderName'?
server/routes.ts(10852,33): error TS2551: Property 'orderNumber' does not exist on type '{ id: string; createdAt: Date; status: string; updatedAt: Date; currency: string; notes: string | null; ghlContactId: string | null; orderDate: Date; isHistorical: boolean; ... 32 more ...; delayNotificationCount: number; }'. Did you mean 'orderName'?
server/routes.ts(10944,38): error TS2339: Property 'trackingStatus' does not exist on type '{ id: string; createdAt: Date; status: string; updatedAt: Date; shippoShipmentId: string | null; shippoTransactionId: string | null; carrier: string; trackingNumber: string; ... 7 more ...; trackingHistory: unknown; }'.
server/routes.ts(14263,27): error TS2339: Property 'totalItems' does not exist on type '{ id: string; createdAt: Date; status: string; updatedAt: Date; currency: string; notes: string | null; ghlContactId: string | null; orderDate: Date; isHistorical: boolean; ... 32 more ...; delayNotificationCount: number; }'.
server/routes.ts(14273,39): error TS2551: Property 'receivedAt' does not exist on type '{ id: string; createdAt: Date; updatedAt: Date; notes: string | null; purchaseOrderId: string; dateReceived: Date; warehouseLocation: string | null; receivedBy: string | null; }'. Did you mean 'receivedBy'?
server/routes.ts(14274,44): error TS2339: Property 'quantityReceived' does not exist on type '{ id: string; createdAt: Date; updatedAt: Date; notes: string | null; purchaseOrderId: string; dateReceived: Date; warehouseLocation: string | null; receivedBy: string | null; }'.
server/routes.ts(14275,29): error TS2339: Property 'quantityReceived' does not exist on type '{ id: string; createdAt: Date; updatedAt: Date; notes: string | null; purchaseOrderId: string; dateReceived: Date; warehouseLocation: string | null; receivedBy: string | null; }'.
server/routes.ts(14283,16): error TS2339: Property 'eventType' does not exist on type '{ id: string; createdAt: Date; type: string; location: string; itemId: string; quantity: number; createdBy: string | null; createdByName: string | null; notes: string | null; supplierId: string | null; itemType: string; reason: string | null; lotNumber: string | null; }'.
server/routes.ts(14284,16): error TS2339: Property 'eventType' does not exist on type '{ id: string; createdAt: Date; type: string; location: string; itemId: string; quantity: number; createdBy: string | null; createdByName: string | null; notes: string | null; supplierId: string | null; itemType: string; reason: string | null; lotNumber: string | null; }'.
server/routes.ts(14290,30): error TS2339: Property 'eventType' does not exist on type '{ id: string; createdAt: Date; type: string; location: string; itemId: string; quantity: number; createdBy: string | null; createdByName: string | null; notes: string | null; supplierId: string | null; itemType: string; reason: string | null; lotNumber: string | null; }'.
server/routes.ts(14290,47): error TS2339: Property 'quantityChange' does not exist on type '{ id: string; createdAt: Date; type: string; location: string; itemId: string; quantity: number; createdBy: string | null; createdByName: string | null; notes: string | null; supplierId: string | null; itemType: string; reason: string | null; lotNumber: string | null; }'.
server/routes.ts(14290,82): error TS2339: Property 'quantityChange' does not exist on type '{ id: string; createdAt: Date; type: string; location: string; itemId: string; quantity: number; createdBy: string | null; createdByName: string | null; notes: string | null; supplierId: string | null; itemType: string; reason: string | null; lotNumber: string | null; }'.
server/routes.ts(14291,24): error TS2339: Property 'quantityChange' does not exist on type '{ id: string; createdAt: Date; type: string; location: string; itemId: string; quantity: number; createdBy: string | null; createdByName: string | null; notes: string | null; supplierId: string | null; itemType: string; reason: string | null; lotNumber: string | null; }'.
server/routes.ts(14292,19): error TS2339: Property 'sku' does not exist on type '{ id: string; createdAt: Date; type: string; location: string; itemId: string; quantity: number; createdBy: string | null; createdByName: string | null; notes: string | null; supplierId: string | null; itemType: string; reason: string | null; lotNumber: string | null; }'.
server/routes.ts(14386,31): error TS2802: Type 'Set<string>' can only be iterated through when using the '--downlevelIteration' flag or with a '--target' of 'es2015' or higher.
server/routes.ts(14407,69): error TS2551: Property 'quantityOrdered' does not exist on type '{ id: string; createdAt: Date; sku: string | null; updatedAt: Date; itemId: string; purchaseOrderId: string; itemName: string | null; unitOfMeasure: string; qtyOrdered: number; ... 7 more ...; finalOrderedQty: number | null; }'. Did you mean 'qtyOrdered'?
server/routes.ts(14407,93): error TS2551: Property 'quantityReceived' does not exist on type '{ id: string; createdAt: Date; sku: string | null; updatedAt: Date; itemId: string; purchaseOrderId: string; itemName: string | null; unitOfMeasure: string; qtyOrdered: number; ... 7 more ...; finalOrderedQty: number | null; }'. Did you mean 'qtyReceived'?
server/routes.ts(14416,30): error TS2551: Property 'expectedDeliveryDate' does not exist on type '{ id: string; createdAt: Date; status: string; updatedAt: Date; currency: string; notes: string | null; issueType: string | null; paymentTerms: string | null; supplierId: string; ... 68 more ...; invoiceTotal: number | null; }'. Did you mean 'expectedDelivery'?
server/routes.ts(14423,36): error TS2551: Property 'quantityOrdered' does not exist on type '{ id: string; createdAt: Date; sku: string | null; updatedAt: Date; itemId: string; purchaseOrderId: string; itemName: string | null; unitOfMeasure: string; qtyOrdered: number; ... 7 more ...; finalOrderedQty: number | null; }'. Did you mean 'qtyOrdered'?
server/routes.ts(14423,66): error TS2551: Property 'quantityReceived' does not exist on type '{ id: string; createdAt: Date; sku: string | null; updatedAt: Date; itemId: string; purchaseOrderId: string; itemName: string | null; unitOfMeasure: string; qtyOrdered: number; ... 7 more ...; finalOrderedQty: number | null; }'. Did you mean 'qtyReceived'?
server/routes.ts(14432,32): error TS2551: Property 'quantityOrdered' does not exist on type '{ id: string; createdAt: Date; sku: string | null; updatedAt: Date; itemId: string; purchaseOrderId: string; itemName: string | null; unitOfMeasure: string; qtyOrdered: number; ... 7 more ...; finalOrderedQty: number | null; }'. Did you mean 'qtyOrdered'?
server/routes.ts(14433,33): error TS2551: Property 'quantityReceived' does not exist on type '{ id: string; createdAt: Date; sku: string | null; updatedAt: Date; itemId: string; purchaseOrderId: string; itemName: string | null; unitOfMeasure: string; qtyOrdered: number; ... 7 more ...; finalOrderedQty: number | null; }'. Did you mean 'qtyReceived'?
server/routes.ts(14435,32): error TS2551: Property 'expectedDeliveryDate' does not exist on type '{ id: string; createdAt: Date; status: string; updatedAt: Date; currency: string; notes: string | null; issueType: string | null; paymentTerms: string | null; supplierId: string; ... 68 more ...; invoiceTotal: number | null; }'. Did you mean 'expectedDelivery'?
server/routes.ts(14447,42): error TS2345: Argument of type 'string | null' is not assignable to parameter of type 'string'.
  Type 'null' is not assignable to type 'string'.
server/routes.ts(14493,44): error TS2339: Property 'netQty' does not exist on type '{ id: string; createdAt: Date; sku: string; updatedAt: Date; productName: string | null; source: string; year: number; month: number; totalQty: number; totalRevenue: number; }'.
server/routes.ts(14494,59): error TS2339: Property 'revenue' does not exist on type '{ id: string; createdAt: Date; sku: string; updatedAt: Date; productName: string | null; source: string; year: number; month: number; totalQty: number; totalRevenue: number; }'.
server/routes.ts(15272,38): error TS2339: Property 'getSettingsByUserId' does not exist on type 'MemStorage | PostgresStorage'.
  Property 'getSettingsByUserId' does not exist on type 'MemStorage'.
server/routes.ts(16015,78): error TS2802: Type 'Set<string>' can only be iterated through when using the '--downlevelIteration' flag or with a '--target' of 'es2015' or higher.
server/routes.ts(16811,9): error TS2353: Object literal may only specify known properties, and 'source' does not exist in type '{ message: string; type: string; code?: string | null | undefined; entityType?: string | null | undefined; entityId?: string | null | undefined; details?: Json | undefined; severity?: string | undefined; }'.
server/routes.ts(16870,9): error TS2353: Object literal may only specify known properties, and 'source' does not exist in type '{ message: string; type: string; code?: string | null | undefined; entityType?: string | null | undefined; entityId?: string | null | undefined; details?: Json | undefined; severity?: string | undefined; }'.
server/routes.ts(16918,23): error TS2339: Property 'otherFees' does not exist on type '{ id: string; createdAt: Date; status: string; updatedAt: Date; currency: string; notes: string | null; issueType: string | null; paymentTerms: string | null; supplierId: string; ... 68 more ...; invoiceTotal: number | null; }'.
server/routes.ts(17001,15): error TS2353: Object literal may only specify known properties, and 'source' does not exist in type '{ message: string; type: string; code?: string | null | undefined; entityType?: string | null | undefined; entityId?: string | null | undefined; details?: Json | undefined; severity?: string | undefined; }'.
server/routes.ts(17091,15): error TS2353: Object literal may only specify known properties, and 'source' does not exist in type '{ message: string; type: string; code?: string | null | undefined; entityType?: string | null | undefined; entityId?: string | null | undefined; details?: Json | undefined; severity?: string | undefined; }'.
server/routes.ts(17278,35): error TS2802: Type 'Set<unknown>' can only be iterated through when using the '--downlevelIteration' flag or with a '--target' of 'es2015' or higher.
server/routes.ts(17671,35): error TS2802: Type 'Set<string>' can only be iterated through when using the '--downlevelIteration' flag or with a '--target' of 'es2015' or higher.
server/routes.ts(17898,71): error TS2322: Type '{ id: string; name: string; email: string | null; notes: string | null; supplierType: string; contactName: string | null; phone: string | null; streetAddress: string | null; city: string | null; ... 13 more ...; lastForecastBriefSentAt: Date | null; } | null | undefined' is not assignable to type '{ id: string; name: string; email: string | null; notes: string | null; supplierType: string; contactName: string | null; phone: string | null; streetAddress: string | null; city: string | null; ... 13 more ...; lastForecastBriefSentAt: Date | null; } | null'.
  Type 'undefined' is not assignable to type '{ id: string; name: string; email: string | null; notes: string | null; supplierType: string; contactName: string | null; phone: string | null; streetAddress: string | null; city: string | null; ... 13 more ...; lastForecastBriefSentAt: Date | null; } | null'.
server/routes.ts(18148,45): error TS2551: Property 'getSalesOrderLinesByOrderId' does not exist on type 'MemStorage | PostgresStorage'. Did you mean 'getSalesOrderLines'?
  Property 'getSalesOrderLinesByOrderId' does not exist on type 'MemStorage'.
server/routes.ts(18164,53): error TS7006: Parameter 'sol' implicitly has an 'any' type.
server/routes.ts(18189,40): error TS2339: Property 'shippingAddress' does not exist on type '{ id: string; createdAt: Date; status: string; updatedAt: Date; currency: string; notes: string | null; ghlContactId: string | null; orderDate: Date; isHistorical: boolean; ... 32 more ...; delayNotificationCount: number; }'.
server/routes.ts(18201,33): error TS2551: Property 'orderNumber' does not exist on type '{ id: string; createdAt: Date; status: string; updatedAt: Date; currency: string; notes: string | null; ghlContactId: string | null; orderDate: Date; isHistorical: boolean; ... 32 more ...; delayNotificationCount: number; }'. Did you mean 'orderName'?
server/routes.ts(18202,9): error TS2322: Type 'string | null' is not assignable to type 'string'.
  Type 'null' is not assignable to type 'string'.
server/routes.ts(18344,28): error TS2339: Property 'log' does not exist on type 'LogService'.
server/routes.ts(18361,35): error TS2551: Property 'orderNumber' does not exist on type '{ id: string; createdAt: Date; status: string; updatedAt: Date; currency: string; notes: string | null; ghlContactId: string | null; orderDate: Date; isHistorical: boolean; ... 32 more ...; delayNotificationCount: number; }'. Did you mean 'orderName'?
server/routes.ts(18523,46): error TS2345: Argument of type 'string | null' is not assignable to parameter of type 'string'.
  Type 'null' is not assignable to type 'string'.
server/routes.ts(18630,46): error TS2345: Argument of type 'string | null' is not assignable to parameter of type 'string'.
  Type 'null' is not assignable to type 'string'.
server/routes.ts(18647,36): error TS2339: Property 'channel' does not exist on type '{ id: string; createdAt: Date; status: string; updatedAt: Date; ghlContactId: string | null; approvedAt: Date | null; receivedAt: Date | null; shippingCost: number | null; ... 50 more ...; receiptPrintCount: number; }'.
server/routes.ts(18679,32): error TS2802: Type 'Set<string>' can only be iterated through when using the '--downlevelIteration' flag or with a '--target' of 'es2015' or higher.
server/routes.ts(18931,36): error TS2551: Property 'orderNumber' does not exist on type '{ id: string; createdAt: Date; status: string; updatedAt: Date; currency: string; notes: string | null; ghlContactId: string | null; orderDate: Date; isHistorical: boolean; ... 32 more ...; delayNotificationCount: number; }'. Did you mean 'orderName'?
server/routes.ts(19165,35): error TS2339: Property 'price' does not exist on type '{ id: string; name: string; type: string; sku: string; unit: string; currentStock: number; minStock: number; dailyUsage: number; barcode: string | null; location: string | null; hildaleQty: number; ... 41 more ...; quickbooksItemType: string | null; }'.
server/routes.ts(19183,42): error TS2339: Property 'qtyReturned' does not exist on type '{ id: string; sku: string; notes: string | null; productName: string | null; qtyOrdered: number; qtyReceived: number; lineTotal: number | null; condition: string | null; isDamaged: boolean | null; ... 10 more ...; damagePhotoUrl: string | null; }'.
server/routes.ts(19184,32): error TS2339: Property 'reason' does not exist on type '{ id: string; sku: string; notes: string | null; productName: string | null; qtyOrdered: number; qtyReceived: number; lineTotal: number | null; condition: string | null; isDamaged: boolean | null; ... 10 more ...; damagePhotoUrl: string | null; }'.
server/routes.ts(19325,81): error TS2339: Property 'qtyReturned' does not exist on type '{ id: string; sku: string; notes: string | null; productName: string | null; qtyOrdered: number; qtyReceived: number; lineTotal: number | null; condition: string | null; isDamaged: boolean | null; ... 10 more ...; damagePhotoUrl: string | null; }'.
server/routes.ts(19643,26): error TS2551: Property 'orderNumber' does not exist on type '{ id: string; createdAt: Date; status: string; updatedAt: Date; currency: string; notes: string | null; ghlContactId: string | null; orderDate: Date; isHistorical: boolean; ... 32 more ...; delayNotificationCount: number; }'. Did you mean 'orderName'?
server/routes.ts(19645,26): error TS2551: Property 'orderNumber' does not exist on type '{ id: string; createdAt: Date; status: string; updatedAt: Date; currency: string; notes: string | null; ghlContactId: string | null; orderDate: Date; isHistorical: boolean; ... 32 more ...; delayNotificationCount: number; }'. Did you mean 'orderName'?
server/routes.ts(19681,84): error TS2551: Property 'orderNumber' does not exist on type '{ id: string; createdAt: Date; status: string; updatedAt: Date; currency: string; notes: string | null; ghlContactId: string | null; orderDate: Date; isHistorical: boolean; ... 32 more ...; delayNotificationCount: number; }'. Did you mean 'orderName'?
server/routes.ts(19692,61): error TS2551: Property 'orderNumber' does not exist on type '{ id: string; createdAt: Date; status: string; updatedAt: Date; currency: string; notes: string | null; ghlContactId: string | null; orderDate: Date; isHistorical: boolean; ... 32 more ...; delayNotificationCount: number; }'. Did you mean 'orderName'?
server/routes.ts(19693,114): error TS2551: Property 'orderNumber' does not exist on type '{ id: string; createdAt: Date; status: string; updatedAt: Date; currency: string; notes: string | null; ghlContactId: string | null; orderDate: Date; isHistorical: boolean; ... 32 more ...; delayNotificationCount: number; }'. Did you mean 'orderName'?
server/routes.ts(19722,59): error TS2551: Property 'orderNumber' does not exist on type '{ id: string; createdAt: Date; status: string; updatedAt: Date; currency: string; notes: string | null; ghlContactId: string | null; orderDate: Date; isHistorical: boolean; ... 32 more ...; delayNotificationCount: number; }'. Did you mean 'orderName'?
server/routes.ts(19723,116): error TS2551: Property 'orderNumber' does not exist on type '{ id: string; createdAt: Date; status: string; updatedAt: Date; currency: string; notes: string | null; ghlContactId: string | null; orderDate: Date; isHistorical: boolean; ... 32 more ...; delayNotificationCount: number; }'. Did you mean 'orderName'?
server/routes.ts(19739,53): error TS2551: Property 'orderNumber' does not exist on type '{ id: string; createdAt: Date; status: string; updatedAt: Date; currency: string; notes: string | null; ghlContactId: string | null; orderDate: Date; isHistorical: boolean; ... 32 more ...; delayNotificationCount: number; }'. Did you mean 'orderName'?
server/routes.ts(19740,92): error TS2551: Property 'orderNumber' does not exist on type '{ id: string; createdAt: Date; status: string; updatedAt: Date; currency: string; notes: string | null; ghlContactId: string | null; orderDate: Date; isHistorical: boolean; ... 32 more ...; delayNotificationCount: number; }'. Did you mean 'orderName'?
server/routes.ts(19751,42): error TS2339: Property 'shippingAddress' does not exist on type '{ id: string; createdAt: Date; status: string; updatedAt: Date; currency: string; notes: string | null; ghlContactId: string | null; orderDate: Date; isHistorical: boolean; ... 32 more ...; delayNotificationCount: number; }'.
server/routes.ts(19816,11): error TS2322: Type 'string | null' is not assignable to type 'string'.
  Type 'null' is not assignable to type 'string'.
server/routes.ts(19817,35): error TS2551: Property 'orderNumber' does not exist on type '{ id: string; createdAt: Date; status: string; updatedAt: Date; currency: string; notes: string | null; ghlContactId: string | null; orderDate: Date; isHistorical: boolean; ... 32 more ...; delayNotificationCount: number; }'. Did you mean 'orderName'?
server/routes.ts(19853,11): error TS2353: Object literal may only specify known properties, and 'eventType' does not exist in type '{ type: string; returnRequestId: string; message?: string | null | undefined; fromStatus?: string | null | undefined; toStatus?: string | null | undefined; actor?: string | null | undefined; payload?: Json | undefined; }'.
server/routes.ts(19858,37): error TS2551: Property 'orderNumber' does not exist on type '{ id: string; createdAt: Date; status: string; updatedAt: Date; currency: string; notes: string | null; ghlContactId: string | null; orderDate: Date; isHistorical: boolean; ... 32 more ...; delayNotificationCount: number; }'. Did you mean 'orderName'?
server/routes.ts(19873,47): error TS2551: Property 'orderNumber' does not exist on type '{ id: string; createdAt: Date; status: string; updatedAt: Date; currency: string; notes: string | null; ghlContactId: string | null; orderDate: Date; isHistorical: boolean; ... 32 more ...; delayNotificationCount: number; }'. Did you mean 'orderName'?
server/routes.ts(19874,73): error TS2551: Property 'orderNumber' does not exist on type '{ id: string; createdAt: Date; status: string; updatedAt: Date; currency: string; notes: string | null; ghlContactId: string | null; orderDate: Date; isHistorical: boolean; ... 32 more ...; delayNotificationCount: number; }'. Did you mean 'orderName'?
server/routes.ts(19902,9): error TS2322: Type 'string | undefined' is not assignable to type 'number | null | undefined'.
  Type 'string' is not assignable to type 'number'.
server/routes.ts(19946,9): error TS2353: Object literal may only specify known properties, and 'eventType' does not exist in type '{ type: string; returnRequestId: string; message?: string | null | undefined; fromStatus?: string | null | undefined; toStatus?: string | null | undefined; actor?: string | null | undefined; payload?: Json | undefined; }'.
server/routes.ts(19986,47): error TS2551: Property 'orderNumber' does not exist on type '{ id: string; createdAt: Date; status: string; updatedAt: Date; currency: string; notes: string | null; ghlContactId: string | null; orderDate: Date; isHistorical: boolean; ... 32 more ...; delayNotificationCount: number; }'. Did you mean 'orderName'?
server/routes.ts(19987,82): error TS2551: Property 'orderNumber' does not exist on type '{ id: string; createdAt: Date; status: string; updatedAt: Date; currency: string; notes: string | null; ghlContactId: string | null; orderDate: Date; isHistorical: boolean; ... 32 more ...; delayNotificationCount: number; }'. Did you mean 'orderName'?
server/routes.ts(20059,28): error TS2304: Cannot find name 'db'.
server/routes.ts(20060,15): error TS2304: Cannot find name 'salesOrders'.
server/routes.ts(20061,16): error TS2304: Cannot find name 'eq'.
server/routes.ts(20061,19): error TS2304: Cannot find name 'salesOrders'.
server/routes.ts(20070,32): error TS2304: Cannot find name 'db'.
server/routes.ts(20071,15): error TS2552: Cannot find name 'salesOrderLines'. Did you mean 'orderLines'?
server/routes.ts(20072,16): error TS2304: Cannot find name 'eq'.
server/routes.ts(20072,19): error TS2304: Cannot find name 'salesOrderLines'.
server/routes.ts(20074,35): error TS7006: Parameter 'line' implicitly has an 'any' type.
server/routes.ts(20075,39): error TS7006: Parameter 'sku' implicitly has an 'any' type.
server/routes.ts(20118,9): error TS2353: Object literal may only specify known properties, and 'metadata' does not exist in type '{ message: string; type: string; code?: string | null | undefined; entityType?: string | null | undefined; entityId?: string | null | undefined; details?: Json | undefined; severity?: string | undefined; }'.
server/routes.ts(20161,25): error TS2304: Cannot find name 'ilike'.
server/routes.ts(20161,31): error TS2304: Cannot find name 'salesOrders'.
server/routes.ts(20164,25): error TS2304: Cannot find name 'sql'.
server/routes.ts(20164,71): error TS2304: Cannot find name 'salesOrders'.
server/routes.ts(20167,28): error TS2304: Cannot find name 'db'.
server/routes.ts(20168,15): error TS2304: Cannot find name 'salesOrders'.
server/routes.ts(20169,16): error TS2304: Cannot find name 'or'.
server/routes.ts(20170,18): error TS2304: Cannot find name 'desc'.
server/routes.ts(20170,23): error TS2304: Cannot find name 'salesOrders'.
server/routes.ts(20179,11): error TS2353: Object literal may only specify known properties, and 'metadata' does not exist in type '{ message: string; type: string; code?: string | null | undefined; entityType?: string | null | undefined; entityId?: string | null | undefined; details?: Json | undefined; severity?: string | undefined; }'.
server/routes.ts(20191,32): error TS2304: Cannot find name 'db'.
server/routes.ts(20192,14): error TS2304: Cannot find name 'salesOrderLines'.
server/routes.ts(20193,22): error TS2304: Cannot find name 'salesOrderLines'.
server/routes.ts(20194,21): error TS2304: Cannot find name 'salesOrderLines'.
server/routes.ts(20196,15): error TS2304: Cannot find name 'salesOrderLines'.
server/routes.ts(20197,16): error TS2304: Cannot find name 'eq'.
server/routes.ts(20197,19): error TS2304: Cannot find name 'salesOrderLines'.
server/routes.ts(20219,32): error TS2304: Cannot find name 'db'.
server/routes.ts(20220,17): error TS2304: Cannot find name 'items'.
server/routes.ts(20221,18): error TS2304: Cannot find name 'ilike'.
server/routes.ts(20221,24): error TS2304: Cannot find name 'items'.
server/routes.ts(20248,9): error TS2353: Object literal may only specify known properties, and 'metadata' does not exist in type '{ message: string; type: string; code?: string | null | undefined; entityType?: string | null | undefined; entityId?: string | null | undefined; details?: Json | undefined; severity?: string | undefined; }'.
server/routes.ts(20283,25): error TS2304: Cannot find name 'ilike'.
server/routes.ts(20283,31): error TS2304: Cannot find name 'salesOrders'.
server/routes.ts(20286,25): error TS2304: Cannot find name 'sql'.
server/routes.ts(20286,71): error TS2304: Cannot find name 'salesOrders'.
server/routes.ts(20289,28): error TS2304: Cannot find name 'db'.
server/routes.ts(20290,15): error TS2304: Cannot find name 'salesOrders'.
server/routes.ts(20291,16): error TS2304: Cannot find name 'or'.
server/routes.ts(20292,18): error TS2304: Cannot find name 'desc'.
server/routes.ts(20292,23): error TS2304: Cannot find name 'salesOrders'.
server/routes.ts(20297,34): error TS2304: Cannot find name 'db'.
server/routes.ts(20298,17): error TS2304: Cannot find name 'salesOrderLines'.
server/routes.ts(20299,18): error TS2304: Cannot find name 'eq'.
server/routes.ts(20299,21): error TS2304: Cannot find name 'salesOrderLines'.
server/routes.ts(20301,51): error TS7006: Parameter 'line' implicitly has an 'any' type.
server/routes.ts(20331,9): error TS2353: Object literal may only specify known properties, and 'metadata' does not exist in type '{ message: string; type: string; code?: string | null | undefined; entityType?: string | null | undefined; entityId?: string | null | undefined; details?: Json | undefined; severity?: string | undefined; }'.
server/routes.ts(20407,44): error TS2802: Type 'MapIterator<[string, number]>' can only be iterated through when using the '--downlevelIteration' flag or with a '--target' of 'es2015' or higher.
server/routes.ts(20596,42): error TS2802: Type 'Map<string, { orderId: string; status: string; shipped: boolean; trackingNumber?: string | undefined; }>' can only be iterated through when using the '--downlevelIteration' flag or with a '--target' of 'es2015' or higher.
server/routes.ts(21544,47): error TS2345: Argument of type 'string | null | undefined' is not assignable to parameter of type 'string'.
  Type 'undefined' is not assignable to type 'string'.
server/routes.ts(21570,32): error TS2345: Argument of type 'string | null | undefined' is not assignable to parameter of type 'string'.
  Type 'undefined' is not assignable to type 'string'.
server/routes.ts(21587,11): error TS2322: Type 'string | null' is not assignable to type 'string'.
  Type 'null' is not assignable to type 'string'.
server/routes.ts(21610,74): error TS2345: Argument of type 'string | null' is not assignable to parameter of type 'string'.
  Type 'null' is not assignable to type 'string'.
server/routes.ts(21692,15): error TS2322: Type 'string | null' is not assignable to type 'string'.
  Type 'null' is not assignable to type 'string'.
server/routes.ts(21715,48): error TS2345: Argument of type 'string | null' is not assignable to parameter of type 'string'.
  Type 'null' is not assignable to type 'string'.
server/routes.ts(21716,53): error TS2345: Argument of type 'string | null' is not assignable to parameter of type 'string'.
  Type 'null' is not assignable to type 'string'.
server/routes.ts(21768,47): error TS2345: Argument of type 'string | null' is not assignable to parameter of type 'string'.
  Type 'null' is not assignable to type 'string'.
server/routes.ts(21851,32): error TS2345: Argument of type 'string | null' is not assignable to parameter of type 'string'.
  Type 'null' is not assignable to type 'string'.
server/routes.ts(22443,34): error TS2551: Property 'getQuickbooksAuthByUserId' does not exist on type 'MemStorage | PostgresStorage'. Did you mean 'getQuickbooksAuthsByUserId'?
  Property 'getQuickbooksAuthByUserId' does not exist on type 'MemStorage'.
server/routes.ts(22483,58): error TS2554: Expected 0 arguments, but got 1.
server/routes.ts(22931,11): error TS2740: Type 'Response' is missing the following properties from type 'Response<any, Record<string, any>>': sendStatus, links, send, jsonp, and 84 more.
server/routes.ts(22944,15): error TS18047: 'tokenResponse' is possibly 'null'.
server/routes.ts(22944,29): error TS2339: Property 'ok' does not exist on type 'Response<any, Record<string, any>>'.
server/routes.ts(22947,15): error TS18047: 'tokenResponse' is possibly 'null'.
server/routes.ts(22947,15): error TS2365: Operator '>=' cannot be applied to types '(code: number) => Response<any, Record<string, any>>' and 'number'.
server/routes.ts(22948,88): error TS18047: 'tokenResponse' is possibly 'null'.
server/routes.ts(22962,44): error TS2339: Property 'ok' does not exist on type 'Response<any, Record<string, any>>'.
server/routes.ts(22967,22): error TS2352: Conversion of type 'Response<any, Record<string, any>>' to type '{ access_token: string; refresh_token: string; expires_in: number; x_refresh_token_expires_in: number; }' may be a mistake because neither type sufficiently overlaps with the other. If this was intentional, convert the expression to 'unknown' first.
  Type 'Response<any, Record<string, any>>' is missing the following properties from type '{ access_token: string; refresh_token: string; expires_in: number; x_refresh_token_expires_in: number; }': access_token, refresh_token, expires_in, x_refresh_token_expires_in
server/routes.ts(23092,11): error TS2740: Type 'Response' is missing the following properties from type 'Response<any, Record<string, any>>': sendStatus, links, send, jsonp, and 84 more.
server/routes.ts(23105,15): error TS18047: 'tokenResponse' is possibly 'null'.
server/routes.ts(23105,29): error TS2339: Property 'ok' does not exist on type 'Response<any, Record<string, any>>'.
server/routes.ts(23108,15): error TS18047: 'tokenResponse' is possibly 'null'.
server/routes.ts(23108,15): error TS2365: Operator '>=' cannot be applied to types '(code: number) => Response<any, Record<string, any>>' and 'number'.
server/routes.ts(23109,92): error TS18047: 'tokenResponse' is possibly 'null'.
server/routes.ts(23123,44): error TS2339: Property 'ok' does not exist on type 'Response<any, Record<string, any>>'.
server/routes.ts(23128,22): error TS2352: Conversion of type 'Response<any, Record<string, any>>' to type '{ access_token: string; refresh_token: string; expires_in: number; x_refresh_token_expires_in: number; }' may be a mistake because neither type sufficiently overlaps with the other. If this was intentional, convert the expression to 'unknown' first.
  Type 'Response<any, Record<string, any>>' is missing the following properties from type '{ access_token: string; refresh_token: string; expires_in: number; x_refresh_token_expires_in: number; }': access_token, refresh_token, expires_in, x_refresh_token_expires_in
server/routes.ts(23630,11): error TS2353: Object literal may only specify known properties, and 'isActive' does not exist in type '{ userId: string; provider: string; accountName?: string | null | undefined; apiKey?: string | null | undefined; isEnabled?: boolean | undefined; lastSyncAt?: Date | null | undefined; ... 7 more ...; rotationReminderSentAt?: Date | ... 1 more ... | undefined; }'.
server/routes.ts(23778,11): error TS2783: 'success' is specified more than once, so this usage will be overwritten.
server/routes.ts(23784,11): error TS2783: 'success' is specified more than once, so this usage will be overwritten.
server/routes.ts(24070,9): error TS2783: 'success' is specified more than once, so this usage will be overwritten.
server/routes.ts(24129,45): error TS2339: Property 'closedAt' does not exist on type '{ id: string; createdAt: Date; status: string; updatedAt: Date; currency: string; notes: string | null; issueType: string | null; paymentTerms: string | null; supplierId: string; ... 68 more ...; invoiceTotal: number | null; }'.
server/routes.ts(24129,60): error TS2339: Property 'cancelledAt' does not exist on type '{ id: string; createdAt: Date; status: string; updatedAt: Date; currency: string; notes: string | null; issueType: string | null; paymentTerms: string | null; supplierId: string; ... 68 more ...; invoiceTotal: number | null; }'.
server/routes.ts(24141,28): error TS2339: Property 'fulfilledAt' does not exist on type '{ id: string; createdAt: Date; status: string; updatedAt: Date; currency: string; notes: string | null; ghlContactId: string | null; orderDate: Date; isHistorical: boolean; ... 32 more ...; delayNotificationCount: number; }'.
server/routes.ts(25595,56): error TS2551: Property 'orderNumber' does not exist on type '{ id: string; createdAt: Date; status: string; updatedAt: Date; currency: string; notes: string | null; ghlContactId: string | null; orderDate: Date; isHistorical: boolean; ... 32 more ...; delayNotificationCount: number; }'. Did you mean 'orderName'?
server/routes.ts(25745,48): error TS2551: Property 'orderNumber' does not exist on type '{ id: string; createdAt: Date; status: string; updatedAt: Date; currency: string; notes: string | null; ghlContactId: string | null; orderDate: Date; isHistorical: boolean; ... 32 more ...; delayNotificationCount: number; }'. Did you mean 'orderName'?
server/routes.ts(25757,48): error TS2551: Property 'orderNumber' does not exist on type '{ id: string; createdAt: Date; status: string; updatedAt: Date; currency: string; notes: string | null; ghlContactId: string | null; orderDate: Date; isHistorical: boolean; ... 32 more ...; delayNotificationCount: number; }'. Did you mean 'orderName'?
server/routes/ghl-agent-api.ts(1371,64): error TS2345: Argument of type 'number' is not assignable to parameter of type 'string'.
server/routes/ghl-agent-api.ts(1535,28): error TS2339: Property 'totalPrice' does not exist on type '{ id: string; externalOrderId: string | null; orderName: string | null; externalCustomerId: string | null; channel: string; customerName: string; customerEmail: string | null; customerPhone: string | null; ... 33 more ...; updatedAt: Date; }'.
server/routes/ghl-agent-api.ts(1596,34): error TS2339: Property 'totalPrice' does not exist on type '{ id: string; externalOrderId: string | null; orderName: string | null; externalCustomerId: string | null; channel: string; customerName: string; customerEmail: string | null; customerPhone: string | null; ... 33 more ...; updatedAt: Date; }'.
server/routes/ghl-agent-api.ts(1604,98): error TS2339: Property 'totalPrice' does not exist on type '{ id: string; externalOrderId: string | null; orderName: string | null; externalCustomerId: string | null; channel: string; customerName: string; customerEmail: string | null; customerPhone: string | null; ... 33 more ...; updatedAt: Date; }'.
server/routes/ghl-agent-api.ts(1634,35): error TS2339: Property 'totalPrice' does not exist on type '{ id: string; externalOrderId: string | null; orderName: string | null; externalCustomerId: string | null; channel: string; customerName: string; customerEmail: string | null; customerPhone: string | null; ... 33 more ...; updatedAt: Date; }'.
server/routes/ghl-agent-api.ts(1636,100): error TS2339: Property 'totalPrice' does not exist on type '{ id: string; externalOrderId: string | null; orderName: string | null; externalCustomerId: string | null; channel: string; customerName: string; customerEmail: string | null; customerPhone: string | null; ... 33 more ...; updatedAt: Date; }'.
server/scheduler-service.ts(157,38): error TS2551: Property 'getAIAgentSettings' does not exist on type 'MemStorage | PostgresStorage'. Did you mean 'createAiAgentSettings'?
  Property 'getAIAgentSettings' does not exist on type 'MemStorage'.
server/scheduler-service.ts(162,46): error TS2339: Property 'getIntegrationSettings' does not exist on type 'MemStorage | PostgresStorage'.
  Property 'getIntegrationSettings' does not exist on type 'MemStorage'.
server/scheduler-service.ts(170,11): error TS2554: Expected 0 arguments, but got 3.
server/scheduler-service.ts(174,42): error TS2339: Property 'syncInventory' does not exist on type 'ExtensivInventorySyncService'.
server/scheduler-service.ts(464,29): error TS2802: Type 'Map<string, ChannelSchedule>' can only be iterated through when using the '--downlevelIteration' flag or with a '--target' of 'es2015' or higher.
server/services/amazon-inventory-sync-service.ts(31,39): error TS2339: Property 'sellerId' does not exist on type '{}'.
server/services/amazon-inventory-sync-service.ts(32,44): error TS2339: Property 'marketplaceIds' does not exist on type '{}'.
server/services/amazon-inventory-sync-service.ts(33,39): error TS2339: Property 'clientId' does not exist on type '{}'.
server/services/amazon-inventory-sync-service.ts(34,43): error TS2339: Property 'clientSecret' does not exist on type '{}'.
server/services/amazon-inventory-sync-service.ts(36,37): error TS2339: Property 'region' does not exist on type '{}'.
server/services/amazon-inventory-sync-service.ts(78,28): error TS2339: Property 'pushInventory' does not exist on type '{}'.
server/services/amazon-inventory-sync-service.ts(235,33): error TS2551: Property 'getItems' does not exist on type 'MemStorage | PostgresStorage'. Did you mean 'getItem'?
  Property 'getItems' does not exist on type 'MemStorage'.
server/services/amazon-inventory-sync-service.ts(236,44): error TS7006: Parameter 'item' implicitly has an 'any' type.
server/services/auto-draft-po-service.ts(152,37): error TS2802: Type 'MapIterator<[string, PendingLine[]]>' can only be iterated through when using the '--downlevelIteration' flag or with a '--target' of 'es2015' or higher.
server/services/auto-draft-po-service.ts(187,8): error TS7006: Parameter 'sum' implicitly has an 'any' type.
server/services/auto-draft-po-service.ts(187,13): error TS7006: Parameter 'l' implicitly has an 'any' type.
server/services/auto-draft-po-service.ts(190,45): error TS7006: Parameter 'sum' implicitly has an 'any' type.
server/services/auto-draft-po-service.ts(190,50): error TS7006: Parameter 'l' implicitly has an 'any' type.
server/services/auto-draft-po-service.ts(191,45): error TS7006: Parameter 'l' implicitly has an 'any' type.
server/services/auto-draft-po-service.ts(198,50): error TS7006: Parameter 'l' implicitly has an 'any' type.
server/services/daily-sales-scheduler.ts(184,43): error TS2551: Property 'getReturnItems' does not exist on type 'MemStorage | PostgresStorage'. Did you mean 'getReturnItem'?
  Property 'getReturnItems' does not exist on type 'MemStorage'.
server/services/google-ads-demand-service.ts(317,7): error TS2353: Object literal may only specify known properties, and 'sourceDecisions' does not exist in type '{ finalDecision: "MONITOR" | "ORDER" | "DONT_ORDER"; finalRationale: string; sources: { status: "ORDER" | "DONT_ORDER" | "NEUTRAL" | "NO_DATA"; source: "GOOGLE_ADS" | "META_ADS" | "SHOPIFY" | "EXTENSIV" | "QUICKBOOKS"; rationale: string; metrics: Record<...>; }[]; }'.
server/services/llm-prompt-builder.ts(337,26): error TS2339: Property 'quantity' does not exist on type '{ id: string; createdAt: Date; sku: string | null; updatedAt: Date; itemId: string; purchaseOrderId: string; itemName: string | null; unitOfMeasure: string; qtyOrdered: number; ... 7 more ...; finalOrderedQty: number | null; }'.
server/services/llm-prompt-builder.ts(337,43): error TS2339: Property 'receivedQty' does not exist on type '{ id: string; createdAt: Date; sku: string | null; updatedAt: Date; itemId: string; purchaseOrderId: string; itemName: string | null; unitOfMeasure: string; qtyOrdered: number; ... 7 more ...; finalOrderedQty: number | null; }'.
server/services/order-cancellation-service.ts(270,30): error TS2345: Argument of type 'string | null' is not assignable to parameter of type 'string'.
  Type 'null' is not assignable to type 'string'.
server/services/order-cancellation-service.ts(275,9): error TS2322: Type 'string | null' is not assignable to type 'string'.
  Type 'null' is not assignable to type 'string'.
server/services/reorder-alert.ts(104,33): error TS2551: Property 'getItems' does not exist on type 'MemStorage | PostgresStorage'. Did you mean 'getItem'?
  Property 'getItems' does not exist on type 'MemStorage'.
server/services/reorder-watcher.ts(709,7): error TS2322: Type 'ReorderWatcherResult' is not assignable to type 'Record<string, unknown>'.
  Index signature for type 'string' is missing in type 'ReorderWatcherResult'.
server/services/shopify-client.ts(329,51): error TS2339: Property 'order_number' does not exist on type 'ShopifyOrder'.
server/services/shopify-client.ts(463,48): error TS2339: Property 'order_number' does not exist on type 'ShopifyOrder'.
server/services/velocity-service.ts(152,36): error TS2802: Type 'MapIterator<[string, { id: string; finishedProductId: string; componentId: string; quantityRequired: number; wastagePercent: number; }[]]>' can only be iterated through when using the '--downlevelIteration' flag or with a '--target' of 'es2015' or higher.
server/services/websocket-inventory.ts(63,26): error TS2802: Type 'Set<WebSocket>' can only be iterated through when using the '--downlevelIteration' flag or with a '--target' of 'es2015' or higher.
server/services/zobot-pipeline.ts(192,34): error TS2554: Expected 1 arguments, but got 0.
server/services/zobot-pipeline.ts(193,28): error TS2339: Property 'find' does not exist on type '{ id: string; userId: string; gohighlevelApiKey: string | null; gohighlevelLocationId: string | null; gohighlevelBaseUrl: string | null; gohighlevelReturnsPipelineId: string | null; ... 30 more ...; aiTokenRotationDays: number; }'.
server/services/zobot-pipeline.ts(194,18): error TS2339: Property 'find' does not exist on type '{ id: string; userId: string; gohighlevelApiKey: string | null; gohighlevelLocationId: string | null; gohighlevelBaseUrl: string | null; gohighlevelReturnsPipelineId: string | null; ... 30 more ...; aiTokenRotationDays: number; }'.
server/storage.ts(874,27): error TS2345: Argument of type '{ id: `${string}-${string}-${string}-${string}-${string}`; name: string; sku: string; type: string; unit: string; currentStock: number; minStock: number; dailyUsage: number; barcode: string; location: null; hildaleQty: number; ... 19 more ...; forecastData: null; }' is not assignable to parameter of type '{ id: string; name: string; type: string; sku: string; unit: string; currentStock: number; minStock: number; dailyUsage: number; barcode: string | null; location: string | null; hildaleQty: number; ... 41 more ...; quickbooksItemType: string | null; }'.
  Type '{ id: `${string}-${string}-${string}-${string}-${string}`; name: string; sku: string; type: string; unit: string; currentStock: number; minStock: number; dailyUsage: number; barcode: string; location: null; hildaleQty: number; ... 19 more ...; forecastData: null; }' is missing the following properties from type '{ id: string; name: string; type: string; sku: string; unit: string; currentStock: number; minStock: number; dailyUsage: number; barcode: string | null; location: string | null; hildaleQty: number; ... 41 more ...; quickbooksItemType: string | null; }': fxInProcessQty, seasonalMultiplier, reorderPriority, shopifyInventoryItemId, and 18 more.
server/storage.ts(908,28): error TS2345: Argument of type '{ id: `${string}-${string}-${string}-${string}-${string}`; name: string; sku: string; type: string; unit: string; currentStock: number; minStock: number; dailyUsage: number; barcode: string; location: null; hildaleQty: number; ... 19 more ...; forecastData: null; }' is not assignable to parameter of type '{ id: string; name: string; type: string; sku: string; unit: string; currentStock: number; minStock: number; dailyUsage: number; barcode: string | null; location: string | null; hildaleQty: number; ... 41 more ...; quickbooksItemType: string | null; }'.
  Type '{ id: `${string}-${string}-${string}-${string}-${string}`; name: string; sku: string; type: string; unit: string; currentStock: number; minStock: number; dailyUsage: number; barcode: string; location: null; hildaleQty: number; ... 19 more ...; forecastData: null; }' is missing the following properties from type '{ id: string; name: string; type: string; sku: string; unit: string; currentStock: number; minStock: number; dailyUsage: number; barcode: string | null; location: string | null; hildaleQty: number; ... 41 more ...; quickbooksItemType: string | null; }': fxInProcessQty, seasonalMultiplier, reorderPriority, shopifyInventoryItemId, and 18 more.
server/storage.ts(942,30): error TS2345: Argument of type '{ id: `${string}-${string}-${string}-${string}-${string}`; name: string; sku: string; type: string; unit: string; currentStock: number; minStock: number; dailyUsage: number; barcode: string; location: null; hildaleQty: number; ... 19 more ...; forecastData: null; }' is not assignable to parameter of type '{ id: string; name: string; type: string; sku: string; unit: string; currentStock: number; minStock: number; dailyUsage: number; barcode: string | null; location: string | null; hildaleQty: number; ... 41 more ...; quickbooksItemType: string | null; }'.
  Type '{ id: `${string}-${string}-${string}-${string}-${string}`; name: string; sku: string; type: string; unit: string; currentStock: number; minStock: number; dailyUsage: number; barcode: string; location: null; hildaleQty: number; ... 19 more ...; forecastData: null; }' is missing the following properties from type '{ id: string; name: string; type: string; sku: string; unit: string; currentStock: number; minStock: number; dailyUsage: number; barcode: string | null; location: string | null; hildaleQty: number; ... 41 more ...; quickbooksItemType: string | null; }': fxInProcessQty, seasonalMultiplier, reorderPriority, shopifyInventoryItemId, and 18 more.
server/storage.ts(976,27): error TS2345: Argument of type '{ id: `${string}-${string}-${string}-${string}-${string}`; name: string; sku: string; type: string; unit: string; currentStock: number; minStock: number; dailyUsage: number; barcode: string; location: null; hildaleQty: number; ... 19 more ...; forecastData: null; }' is not assignable to parameter of type '{ id: string; name: string; type: string; sku: string; unit: string; currentStock: number; minStock: number; dailyUsage: number; barcode: string | null; location: string | null; hildaleQty: number; ... 41 more ...; quickbooksItemType: string | null; }'.
  Type '{ id: `${string}-${string}-${string}-${string}-${string}`; name: string; sku: string; type: string; unit: string; currentStock: number; minStock: number; dailyUsage: number; barcode: string; location: null; hildaleQty: number; ... 19 more ...; forecastData: null; }' is missing the following properties from type '{ id: string; name: string; type: string; sku: string; unit: string; currentStock: number; minStock: number; dailyUsage: number; barcode: string | null; location: string | null; hildaleQty: number; ... 41 more ...; quickbooksItemType: string | null; }': fxInProcessQty, seasonalMultiplier, reorderPriority, shopifyInventoryItemId, and 18 more.
server/storage.ts(1012,30): error TS2345: Argument of type '{ id: `${string}-${string}-${string}-${string}-${string}`; name: string; sku: string; type: string; unit: string; currentStock: number; minStock: number; dailyUsage: number; barcode: string; location: string; hildaleQty: number; ... 19 more ...; forecastData: { ...; }; }' is not assignable to parameter of type '{ id: string; name: string; type: string; sku: string; unit: string; currentStock: number; minStock: number; dailyUsage: number; barcode: string | null; location: string | null; hildaleQty: number; ... 41 more ...; quickbooksItemType: string | null; }'.
  Type '{ id: `${string}-${string}-${string}-${string}-${string}`; name: string; sku: string; type: string; unit: string; currentStock: number; minStock: number; dailyUsage: number; barcode: string; location: string; hildaleQty: number; ... 19 more ...; forecastData: { ...; }; }' is missing the following properties from type '{ id: string; name: string; type: string; sku: string; unit: string; currentStock: number; minStock: number; dailyUsage: number; barcode: string | null; location: string | null; hildaleQty: number; ... 41 more ...; quickbooksItemType: string | null; }': fxInProcessQty, seasonalMultiplier, reorderPriority, shopifyInventoryItemId, and 18 more.
server/storage.ts(1047,44): error TS2345: Argument of type '{ id: `${string}-${string}-${string}-${string}-${string}`; finishedProductId: `${string}-${string}-${string}-${string}-${string}`; componentId: `${string}-${string}-${string}-${string}-${string}`; quantityRequired: number; }' is not assignable to parameter of type '{ id: string; finishedProductId: string; componentId: string; quantityRequired: number; wastagePercent: number; }'.
  Property 'wastagePercent' is missing in type '{ id: `${string}-${string}-${string}-${string}-${string}`; finishedProductId: `${string}-${string}-${string}-${string}-${string}`; componentId: `${string}-${string}-${string}-${string}-${string}`; quantityRequired: number; }' but required in type '{ id: string; finishedProductId: string; componentId: string; quantityRequired: number; wastagePercent: number; }'.
server/storage.ts(1053,44): error TS2345: Argument of type '{ id: `${string}-${string}-${string}-${string}-${string}`; finishedProductId: `${string}-${string}-${string}-${string}-${string}`; componentId: `${string}-${string}-${string}-${string}-${string}`; quantityRequired: number; }' is not assignable to parameter of type '{ id: string; finishedProductId: string; componentId: string; quantityRequired: number; wastagePercent: number; }'.
  Property 'wastagePercent' is missing in type '{ id: `${string}-${string}-${string}-${string}-${string}`; finishedProductId: `${string}-${string}-${string}-${string}-${string}`; componentId: `${string}-${string}-${string}-${string}-${string}`; quantityRequired: number; }' but required in type '{ id: string; finishedProductId: string; componentId: string; quantityRequired: number; wastagePercent: number; }'.
server/storage.ts(1059,44): error TS2345: Argument of type '{ id: `${string}-${string}-${string}-${string}-${string}`; finishedProductId: `${string}-${string}-${string}-${string}-${string}`; componentId: `${string}-${string}-${string}-${string}-${string}`; quantityRequired: number; }' is not assignable to parameter of type '{ id: string; finishedProductId: string; componentId: string; quantityRequired: number; wastagePercent: number; }'.
  Property 'wastagePercent' is missing in type '{ id: `${string}-${string}-${string}-${string}-${string}`; finishedProductId: `${string}-${string}-${string}-${string}-${string}`; componentId: `${string}-${string}-${string}-${string}-${string}`; quantityRequired: number; }' but required in type '{ id: string; finishedProductId: string; componentId: string; quantityRequired: number; wastagePercent: number; }'.
server/storage.ts(1065,44): error TS2345: Argument of type '{ id: `${string}-${string}-${string}-${string}-${string}`; finishedProductId: `${string}-${string}-${string}-${string}-${string}`; componentId: `${string}-${string}-${string}-${string}-${string}`; quantityRequired: number; }' is not assignable to parameter of type '{ id: string; finishedProductId: string; componentId: string; quantityRequired: number; wastagePercent: number; }'.
  Property 'wastagePercent' is missing in type '{ id: `${string}-${string}-${string}-${string}-${string}`; finishedProductId: `${string}-${string}-${string}-${string}-${string}`; componentId: `${string}-${string}-${string}-${string}-${string}`; quantityRequired: number; }' but required in type '{ id: string; finishedProductId: string; componentId: string; quantityRequired: number; wastagePercent: number; }'.
server/storage.ts(1076,37): error TS2345: Argument of type '{ id: `${string}-${string}-${string}-${string}-${string}`; name: string; email: string; phone: string; catalogUrl: string; logoUrl: null; ghlContactId: null; }' is not assignable to parameter of type '{ id: string; name: string; email: string | null; notes: string | null; supplierType: string; contactName: string | null; phone: string | null; streetAddress: string | null; city: string | null; ... 13 more ...; lastForecastBriefSentAt: Date | null; }'.
  Type '{ id: `${string}-${string}-${string}-${string}-${string}`; name: string; email: string; phone: string; catalogUrl: string; logoUrl: null; ghlContactId: null; }' is missing the following properties from type '{ id: string; name: string; email: string | null; notes: string | null; supplierType: string; contactName: string | null; phone: string | null; streetAddress: string | null; city: string | null; ... 13 more ...; lastForecastBriefSentAt: Date | null; }': notes, supplierType, contactName, streetAddress, and 12 more.
server/storage.ts(1086,37): error TS2345: Argument of type '{ id: `${string}-${string}-${string}-${string}-${string}`; name: string; email: string; phone: string; catalogUrl: string; logoUrl: null; ghlContactId: null; }' is not assignable to parameter of type '{ id: string; name: string; email: string | null; notes: string | null; supplierType: string; contactName: string | null; phone: string | null; streetAddress: string | null; city: string | null; ... 13 more ...; lastForecastBriefSentAt: Date | null; }'.
  Type '{ id: `${string}-${string}-${string}-${string}-${string}`; name: string; email: string; phone: string; catalogUrl: string; logoUrl: null; ghlContactId: null; }' is missing the following properties from type '{ id: string; name: string; email: string | null; notes: string | null; supplierType: string; contactName: string | null; phone: string | null; streetAddress: string | null; city: string | null; ... 13 more ...; lastForecastBriefSentAt: Date | null; }': notes, supplierType, contactName, streetAddress, and 12 more.
server/storage.ts(1418,11): error TS2740: Type '{ id: `${string}-${string}-${string}-${string}-${string}`; name: string; sku: string; type: string; unit: string; currentStock: number; minStock: number; dailyUsage: number; barcode: string | null; location: string | null; ... 20 more ...; forecastData: string | ... 4 more ... | null; }' is missing the following properties from type '{ id: string; name: string; type: string; sku: string; unit: string; currentStock: number; minStock: number; dailyUsage: number; barcode: string | null; location: string | null; hildaleQty: number; ... 41 more ...; quickbooksItemType: string | null; }': fxInProcessQty, seasonalMultiplier, reorderPriority, shopifyInventoryItemId, and 18 more.
server/storage.ts(1591,11): error TS2741: Property 'wastagePercent' is missing in type '{ id: `${string}-${string}-${string}-${string}-${string}`; finishedProductId: string; componentId: string; quantityRequired: number; }' but required in type '{ id: string; finishedProductId: string; componentId: string; quantityRequired: number; wastagePercent: number; }'.
server/storage.ts(1753,11): error TS2740: Type '{ id: `${string}-${string}-${string}-${string}-${string}`; name: string; email: string | null; phone: string | null; catalogUrl: string | null; logoUrl: string | null; ghlContactId: string | null; }' is missing the following properties from type '{ id: string; name: string; email: string | null; notes: string | null; supplierType: string; contactName: string | null; phone: string | null; streetAddress: string | null; city: string | null; ... 13 more ...; lastForecastBriefSentAt: Date | null; }': notes, supplierType, contactName, streetAddress, and 12 more.
server/storage.ts(1938,11): error TS2741: Property 'openaiWebhookSecret' is missing in type '{ id: `${string}-${string}-${string}-${string}-${string}`; userId: string; gohighlevelApiKey: string | null; gohighlevelLocationId: string | null; gohighlevelBaseUrl: string | null; gohighlevelReturnsPipelineId: string | null; ... 29 more ...; aiTokenRotationDays: number; }' but required in type '{ id: string; userId: string; gohighlevelApiKey: string | null; gohighlevelLocationId: string | null; gohighlevelBaseUrl: string | null; gohighlevelReturnsPipelineId: string | null; ... 30 more ...; aiTokenRotationDays: number; }'.
server/storage.ts(2013,11): error TS2739: Type '{ id: `${string}-${string}-${string}-${string}-${string}`; userId: string; provider: string; accountName: string | null; apiKey: string | null; isEnabled: boolean; lastSyncAt: Date | null; lastSyncStatus: string | null; ... 8 more ...; tokenNextRotationAt: Date | null; }' is missing the following properties from type '{ id: string; userId: string; provider: string; accountName: string | null; apiKey: string | null; isEnabled: boolean; lastSyncAt: Date | null; lastSyncStatus: string | null; lastSyncMessage: string | null; ... 9 more ...; rotationReminderSentAt: Date | null; }': rotationReminderOpportunityId, rotationReminderSentAt
server/storage.ts(2025,38): error TS2339: Property 'lastTokenCheckAt' does not exist on type '{ userId: string; provider: string; accountName?: string | null | undefined; apiKey?: string | null | undefined; isEnabled?: boolean | undefined; lastSyncAt?: Date | null | undefined; ... 7 more ...; rotationReminderSentAt?: Date | ... 1 more ... | undefined; }'.
server/storage.ts(2026,42): error TS2339: Property 'lastTokenCheckStatus' does not exist on type '{ userId: string; provider: string; accountName?: string | null | undefined; apiKey?: string | null | undefined; isEnabled?: boolean | undefined; lastSyncAt?: Date | null | undefined; ... 7 more ...; rotationReminderSentAt?: Date | ... 1 more ... | undefined; }'.
server/storage.ts(2027,37): error TS2339: Property 'lastAlertSentAt' does not exist on type '{ userId: string; provider: string; accountName?: string | null | undefined; apiKey?: string | null | undefined; isEnabled?: boolean | undefined; lastSyncAt?: Date | null | undefined; ... 7 more ...; rotationReminderSentAt?: Date | ... 1 more ... | undefined; }'.
server/storage.ts(2028,41): error TS2339: Property 'consecutiveFailures' does not exist on type '{ userId: string; provider: string; accountName?: string | null | undefined; apiKey?: string | null | undefined; isEnabled?: boolean | undefined; lastSyncAt?: Date | null | undefined; ... 7 more ...; rotationReminderSentAt?: Date | ... 1 more ... | undefined; }'.
server/storage.ts(2256,11): error TS2739: Type '{ id: `${string}-${string}-${string}-${string}-${string}`; itemId: string; itemType: string; type: string; location: string; quantity: number; createdAt: Date; createdBy: string | null; notes: string | null; }' is missing the following properties from type '{ id: string; createdAt: Date; type: string; location: string; itemId: string; quantity: number; createdBy: string | null; createdByName: string | null; notes: string | null; supplierId: string | null; itemType: string; reason: string | null; lotNumber: string | null; }': createdByName, supplierId, reason, lotNumber
server/storage.ts(2340,7): error TS2322: Type 'string | null | undefined' is not assignable to type 'string | null'.
  Type 'undefined' is not assignable to type 'string | null'.
server/storage.ts(2342,7): error TS2322: Type 'string | null | undefined' is not assignable to type 'string | null'.
  Type 'undefined' is not assignable to type 'string | null'.
server/storage.ts(2343,7): error TS2322: Type 'string | null | undefined' is not assignable to type 'string | null'.
  Type 'undefined' is not assignable to type 'string | null'.
server/storage.ts(2344,7): error TS2322: Type 'string | null | undefined' is not assignable to type 'string | null'.
  Type 'undefined' is not assignable to type 'string | null'.
server/storage.ts(2397,11): error TS2740: Type '{ id: `${string}-${string}-${string}-${string}-${string}`; startedAt: Date; finishedAt: Date | null; status: string; reason: string; affectedSkus: string | number | boolean | any[] | { [key: string]: any; } | null; ... 9 more ...; createdAt: Date; }' is missing the following properties from type '{ id: string; createdAt: Date; status: string; errorMessage: string | null; llmResponseTimeMs: number | null; llmProvider: string | null; llmModel: string | null; startedAt: Date; ... 13 more ...; timelineEventsJson: unknown; }': aiDecisionSummary, staffDecisionSummary, percentDifference, urgencyLevel, and 2 more.
server/storage.ts(2470,11): error TS2739: Type '{ orderDate: Date; approvedAt: Date | null; sentAt: Date | null; expectedDate: Date | null; receivedAt: Date | null; paidAt: Date | null; status: string; ... 68 more ...; id: `${string}-${string}-${string}-${string}-${string}`; }' is missing the following properties from type '{ id: string; createdAt: Date; status: string; updatedAt: Date; currency: string; notes: string | null; issueType: string | null; paymentTerms: string | null; supplierId: string; ... 68 more ...; invoiceTotal: number | null; }': createdAt, updatedAt
server/storage.ts(2534,7): error TS2322: Type 'number | null' is not assignable to type 'number'.
  Type 'null' is not assignable to type 'number'.
server/storage.ts(2651,11): error TS2322: Type '{ source: string; status: string; websiteUrl: string | null; contactEmail: string | null; contactPhone: string | null; category: string | null; notes: string | null; lastContactedAt: Date | null; ... 16 more ...; id: `${string}-${string}-${string}-${string}-${string}`; }' is not assignable to type '{ id: string; name: string; createdAt: Date; status: string; location: string | null; category: string | null; notes: string | null; ghlContactId: string | null; companyName: string | null; ... 15 more ...; convertedSupplierId: string | null; }'.
  Types of property 'location' are incompatible.
    Type 'string | null | undefined' is not assignable to type 'string | null'.
      Type 'undefined' is not assignable to type 'string | null'.
server/storage.ts(2760,11): error TS2322: Type '{ source: string; orderNumber: string | null; shippingAddress: string | number | boolean | any[] | { [key: string]: any; } | null; warehouseLocationCode: string | null; salesOrderId: string | null; ... 53 more ...; id: `${string}-${string}-${string}-${string}-${string}`; }' is not assignable to type '{ id: string; createdAt: Date; status: string; updatedAt: Date; ghlContactId: string | null; approvedAt: Date | null; receivedAt: Date | null; shippingCost: number | null; ... 50 more ...; receiptPrintCount: number; }'.
  Types of property 'approvedAt' are incompatible.
    Type 'Date | null | undefined' is not assignable to type 'Date | null'.
      Type 'undefined' is not assignable to type 'Date | null'.
server/storage.ts(2882,11): error TS2322: Type '{ salesOrderLineId: string | null; itemReason: string | null; condition: string | null; qtyApproved: number; qtyReceived: number; disposition: string | null; notes: string | null; ... 12 more ...; id: `${string}-${string}-${string}-${string}-${string}`; }' is not assignable to type '{ id: string; sku: string; notes: string | null; productName: string | null; qtyOrdered: number; qtyReceived: number; lineTotal: number | null; condition: string | null; isDamaged: boolean | null; ... 10 more ...; damagePhotoUrl: string | null; }'.
  Types of property 'productName' are incompatible.
    Type 'string | null | undefined' is not assignable to type 'string | null'.
      Type 'undefined' is not assignable to type 'string | null'.
server/storage.ts(2914,11): error TS2322: Type '{ status: string; createdAt: Date; updatedAt: Date; carrier: string; trackingNumber: string; labelUrl: string; returnRequestId: string; shippoShipmentId?: string | null | undefined; ... 7 more ...; id: `${string}-${string}-${string}-${string}-${string}`; }' is not assignable to type '{ id: string; createdAt: Date; status: string; updatedAt: Date; shippoShipmentId: string | null; shippoTransactionId: string | null; carrier: string; trackingNumber: string; ... 7 more ...; trackingHistory: unknown; }'.
  Types of property 'shippoShipmentId' are incompatible.
    Type 'string | null | undefined' is not assignable to type 'string | null'.
      Type 'undefined' is not assignable to type 'string | null'.
server/storage.ts(2942,11): error TS2322: Type '{ id: `${string}-${string}-${string}-${string}-${string}`; createdAt: Date; type: string; returnRequestId: string; message?: string | null | undefined; fromStatus?: string | null | undefined; toStatus?: string | ... 1 more ... | undefined; actor?: string | ... 1 more ... | undefined; payload?: Json | undefined; }' is not assignable to type '{ id: string; createdAt: Date; message: string | null; type: string; returnRequestId: string; fromStatus: string | null; toStatus: string | null; actor: string | null; payload: unknown; }'.
  Types of property 'message' are incompatible.
    Type 'string | null | undefined' is not assignable to type 'string | null'.
      Type 'undefined' is not assignable to type 'string | null'.
server/storage.ts(3261,11): error TS2322: Type '{ externalOrderId: string | null; externalCustomerId: string | null; status: string; orderDate: Date; customerEmail: string | null; customerPhone: string | null; ghlContactId: string | null; ... 34 more ...; id: `${string}-${string}-${string}-${string}-${string}`; }' is not assignable to type '{ id: string; createdAt: Date; status: string; updatedAt: Date; currency: string; notes: string | null; ghlContactId: string | null; orderDate: Date; isHistorical: boolean; ... 32 more ...; delayNotificationCount: number; }'.
  Types of property 'orderName' are incompatible.
    Type 'string | null | undefined' is not assignable to type 'string | null'.
      Type 'undefined' is not assignable to type 'string | null'.
server/storage.ts(3312,24): error TS2802: Type 'MapIterator<{ id: string; sku: string; notes: string | null; productId: string | null; productName: string | null; qtyOrdered: number; salesOrderId: string; unitPrice: number | null; qtyAllocated: number; qtyShipped: number; qtyFulfilled: number; returnedQty: number; backorderQty: number; }>' can only be iterated through when using the '--downlevelIteration' flag or with a '--target' of 'es2015' or higher.
server/storage.ts(3332,11): error TS2322: Type '{ qtyAllocated: number; qtyShipped: number; backorderQty: number; unitPrice: number | null; notes: string | null; sku: string; qtyOrdered: number; salesOrderId: string; productId?: string | null | undefined; productName?: string | ... 1 more ... | undefined; qtyFulfilled?: number | undefined; returnedQty?: number | ...' is not assignable to type '{ id: string; sku: string; notes: string | null; productId: string | null; productName: string | null; qtyOrdered: number; salesOrderId: string; unitPrice: number | null; qtyAllocated: number; qtyShipped: number; qtyFulfilled: number; returnedQty: number; backorderQty: number; }'.
  Types of property 'productId' are incompatible.
    Type 'string | null | undefined' is not assignable to type 'string | null'.
      Type 'undefined' is not assignable to type 'string | null'.
server/storage.ts(3445,7): error TS2322: Type 'string | null | undefined' is not assignable to type 'string | null'.
  Type 'undefined' is not assignable to type 'string | null'.
server/storage.ts(3789,11): error TS2739: Type '{ accountId: string | null; accountName: string | null; accessToken: string | null; refreshToken: string | null; accessTokenExpiresAt: Date | null; isConnected: boolean; ... 10 more ...; id: `${string}-${string}-${string}-${string}-${string}`; }' is missing the following properties from type '{ id: string; createdAt: Date; userId: string; updatedAt: Date; accountName: string | null; lastSyncAt: Date | null; lastSyncStatus: string | null; lastSyncMessage: string | null; ... 11 more ...; accountId: string | null; }': lastTokenCheckAt, lastTokenCheckStatus, lastAlertSentAt
server/storage.ts(4006,24): error TS2802: Type 'MapIterator<{ date: string; id: string; createdAt: Date; sku: string | null; updatedAt: Date; currency: string | null; productId: string | null; source: string; impressions: number; clicks: number; ... 9 more ...; conversionValue: number | null; }>' can only be iterated through when using the '--downlevelIteration' flag or with a '--target' of 'es2015' or higher.
server/storage.ts(4040,11): error TS2322: Type '{ pageWidth: number; pageHeight: number; columns: number; rows: number; marginTop: number; marginLeft: number; gapX: number; gapY: number; isDefault: boolean; createdAt: Date; updatedAt: Date; ... 5 more ...; id: `${string}-${string}-${string}-${string}-${string}`; }' is not assignable to type '{ id: string; name: string; createdAt: Date; columns: number | null; userId: string; updatedAt: Date; layoutType: string; labelWidth: number; labelHeight: number; pageWidth: number | null; ... 6 more ...; isDefault: boolean | null; }'.
  Types of property 'layoutType' are incompatible.
    Type 'string | undefined' is not assignable to type 'string'.
      Type 'undefined' is not assignable to type 'string'.
server/storage.ts(4072,32): error TS2802: Type 'Map<string, { id: string; name: string; createdAt: Date; columns: number | null; userId: string; updatedAt: Date; layoutType: string; labelWidth: number; labelHeight: number; pageWidth: number | null; ... 6 more ...; isDefault: boolean | null; }>' can only be iterated through when using the '--downlevelIteration' flag or with a '--target' of 'es2015' or higher.
server/storage.ts(4098,11): error TS2322: Type '{ id: `${string}-${string}-${string}-${string}-${string}`; createdAt: Date; message: string; type: string; code?: string | null | undefined; entityType?: string | null | undefined; entityId?: string | null | undefined; details?: Json | undefined; severity?: string | undefined; }' is not assignable to type '{ id: string; createdAt: Date; code: string | null; message: string; type: string; entityType: string | null; entityId: string | null; details: unknown; severity: string; }'.
  Types of property 'code' are incompatible.
    Type 'string | null | undefined' is not assignable to type 'string | null'.
      Type 'undefined' is not assignable to type 'string | null'.
server/storage.ts(4117,11): error TS2322: Type '{ id: `${string}-${string}-${string}-${string}-${string}`; autoSendCriticalPos: boolean; criticalRescueDays: number; criticalThresholdDays: number; highThresholdDays: number; mediumThresholdDays: number; ... 13 more ...; shopifyInventorySunsetDate?: Date | ... 1 more ... | undefined; }' is not assignable to type '{ id: string; createdAt: Date; userId: string; updatedAt: Date; autoSendCriticalPos: boolean; criticalRescueDays: number; criticalThresholdDays: number; highThresholdDays: number; ... 11 more ...; ordersToFetch: number; }'.
  Types of property 'shopifyInventorySunsetDate' are incompatible.
    Type 'Date | null | undefined' is not assignable to type 'Date | null'.
      Type 'undefined' is not assignable to type 'Date | null'.
server/storage.ts(4165,11): error TS2322: Type '{ id: `${string}-${string}-${string}-${string}-${string}`; isDefault: boolean; createdAt: Date; updatedAt: Date; name: string; userId: string; description?: string | null | undefined; layout?: Json | undefined; }' is not assignable to type '{ id: string; name: string; createdAt: Date; userId: string; updatedAt: Date; description: string | null; isDefault: boolean; layout: unknown; }'.
  Types of property 'description' are incompatible.
    Type 'string | null | undefined' is not assignable to type 'string | null'.
      Type 'undefined' is not assignable to type 'string | null'.
server/storage.ts(4187,40): error TS2802: Type 'MapIterator<[string, { id: string; createdAt: Date; type: string; updatedAt: Date; config: unknown; title: string; dashboardId: string; dataSource: string; position: unknown; }]>' can only be iterated through when using the '--downlevelIteration' flag or with a '--target' of 'es2015' or higher.
server/storage.ts(5579,11): error TS2769: No overload matches this call.
  Overload 1 of 3, '(left: PgColumn<{ name: "recommendation_type"; tableName: "ai_recommendations"; dataType: "string"; columnType: "PgText"; data: string; driverParam: string; notNull: false; hasDefault: false; isPrimaryKey: false; ... 5 more ...; generated: undefined; }, {}, {}>, right: string | SQLWrapper): SQL<...>', gave the following error.
    Argument of type 'string | null | undefined' is not assignable to parameter of type 'string | SQLWrapper'.
      Type 'undefined' is not assignable to type 'string | SQLWrapper'.
  Overload 2 of 3, '(left: Aliased<string | null | undefined>, right: string | SQLWrapper | null | undefined): SQL<unknown>', gave the following error.
    Argument of type 'PgColumn<{ name: "recommendation_type"; tableName: "ai_recommendations"; dataType: "string"; columnType: "PgText"; data: string; driverParam: string; notNull: false; hasDefault: false; isPrimaryKey: false; ... 5 more ...; generated: undefined; }, {}, {}>' is not assignable to parameter of type 'Aliased<string | null | undefined>'.
      Type 'PgColumn<{ name: "recommendation_type"; tableName: "ai_recommendations"; dataType: "string"; columnType: "PgText"; data: string; driverParam: string; notNull: false; hasDefault: false; isPrimaryKey: false; ... 5 more ...; generated: undefined; }, {}, {}>' is missing the following properties from type 'Aliased<string | null | undefined>': sql, fieldAlias
  Overload 3 of 3, '(left: never, right: unknown): SQL<unknown>', gave the following error.
    Argument of type 'PgColumn<{ name: "recommendation_type"; tableName: "ai_recommendations"; dataType: "string"; columnType: "PgText"; data: string; driverParam: string; notNull: false; hasDefault: false; isPrimaryKey: false; ... 5 more ...; generated: undefined; }, {}, {}>' is not assignable to parameter of type 'never'.
server/storage.ts(5906,66): error TS2353: Object literal may only specify known properties, and 'updatedAt' does not exist in type 'Partial<{ itemId: string; purchaseOrderId: string; qtyOrdered: number; sku?: string | null | undefined; itemName?: string | null | undefined; unitOfMeasure?: string | undefined; qtyReceived?: number | undefined; ... 6 more ...; finalOrderedQty?: number | ... 1 more ... | undefined; }>'.
server/storage.ts(5928,7): error TS2353: Object literal may only specify known properties, and 'updatedAt' does not exist in type 'Partial<{ supplierId: string; poNumber: string; status?: string | undefined; currency?: string | undefined; notes?: string | null | undefined; issueType?: string | null | undefined; paymentTerms?: string | ... 1 more ... | undefined; ... 67 more ...; invoiceTotal?: number | ... 1 more ... | undefined; }>'.
server/storage.ts(5946,7): error TS2353: Object literal may only specify known properties, and 'updatedAt' does not exist in type 'Partial<{ itemId: string; purchaseOrderId: string; qtyOrdered: number; sku?: string | null | undefined; itemName?: string | null | undefined; unitOfMeasure?: string | undefined; qtyReceived?: number | undefined; ... 6 more ...; finalOrderedQty?: number | ... 1 more ... | undefined; }>'.
server/storage.ts(6767,5): error TS2322: Type '{ id: string; salesOrderId: string; productId: string | null; sku: string; qtyOrdered: number; qtyAllocated: number; qtyShipped: number; qtyFulfilled: number; returnedQty: number; backorderQty: number; unitPrice: number | null; notes: string | null; }[]' is not assignable to type '{ id: string; sku: string; notes: string | null; productId: string | null; productName: string | null; qtyOrdered: number; salesOrderId: string; unitPrice: number | null; qtyAllocated: number; qtyShipped: number; qtyFulfilled: number; returnedQty: number; backorderQty: number; }[]'.
  Property 'productName' is missing in type '{ id: string; salesOrderId: string; productId: string | null; sku: string; qtyOrdered: number; qtyAllocated: number; qtyShipped: number; qtyFulfilled: number; returnedQty: number; backorderQty: number; unitPrice: number | null; notes: string | null; }' but required in type '{ id: string; sku: string; notes: string | null; productId: string | null; productName: string | null; qtyOrdered: number; salesOrderId: string; unitPrice: number | null; qtyAllocated: number; qtyShipped: number; qtyFulfilled: number; returnedQty: number; backorderQty: number; }'.
server/test-inventory.ts(12,7): error TS2740: Type '{ id: string; name: string; sku: string; type: string; unit: string; currentStock: number; minStock: number; dailyUsage: number; barcode: null; location: null; hildaleQty: number; pivotQty: number; productKind: string; ... 5 more ...; externalId: null; }' is missing the following properties from type '{ id: string; name: string; type: string; sku: string; unit: string; currentStock: number; minStock: number; dailyUsage: number; barcode: string | null; location: string | null; hildaleQty: number; ... 41 more ...; quickbooksItemType: string | null; }': fxInProcessQty, seasonalMultiplier, reorderPriority, availableForSaleQty, and 30 more.
server/test-inventory.ts(64,9): error TS2740: Type '{ id: string; name: string; sku: string; type: string; unit: string; currentStock: number; minStock: number; dailyUsage: number; barcode: null; location: null; hildaleQty: number; pivotQty: number; productKind: string; ... 5 more ...; externalId: null; }' is missing the following properties from type '{ id: string; name: string; type: string; sku: string; unit: string; currentStock: number; minStock: number; dailyUsage: number; barcode: string | null; location: string | null; hildaleQty: number; ... 41 more ...; quickbooksItemType: string | null; }': fxInProcessQty, seasonalMultiplier, reorderPriority, availableForSaleQty, and 30 more.
server/test-inventory.ts(248,9): error TS2740: Type '{ id: string; name: string; sku: string; type: string; unit: string; currentStock: number; minStock: number; dailyUsage: number; barcode: null; location: null; hildaleQty: number; pivotQty: number; productKind: string; ... 5 more ...; externalId: null; }' is missing the following properties from type '{ id: string; name: string; type: string; sku: string; unit: string; currentStock: number; minStock: number; dailyUsage: number; barcode: string | null; location: string | null; hildaleQty: number; ... 41 more ...; quickbooksItemType: string | null; }': fxInProcessQty, seasonalMultiplier, reorderPriority, availableForSaleQty, and 30 more.
